[
{
  "model": "miprimerapp.categoria",
  "pk": 1,
  "fields": {
    "nombre": "Labios",
    "icono": "bi-heart",
    "descripcion": "",
    "orden": 0,
    "activo": true
  }
},
{
  "model": "miprimerapp.categoria",
  "pk": 2,
  "fields": {
    "nombre": "Irrigadores",
    "icono": "bi-droplet",
    "descripcion": "",
    "orden": 0,
    "activo": true
  }
},
{
  "model": "miprimerapp.categoria",
  "pk": 3,
  "fields": {
    "nombre": "Bebés e Infantil",
    "icono": "bi-emoji-smile",
    "descripcion": "",
    "orden": 0,
    "activo": true
  }
},
{
  "model": "miprimerapp.categoria",
  "pk": 4,
  "fields": {
    "nombre": "Ortodoncia",
    "icono": "bi-braces",
    "descripcion": "",
    "orden": 0,
    "activo": true
  }
},
{
  "model": "miprimerapp.categoria",
  "pk": 5,
  "fields": {
    "nombre": "Cepillos Interproximales",
    "icono": "bi-distribute-horizontal",
    "descripcion": "",
    "orden": 0,
    "activo": true
  }
},
{
  "model": "miprimerapp.categoria",
  "pk": 6,
  "fields": {
    "nombre": "Enjuagues Bucales",
    "icono": "bi-cup-straw",
    "descripcion": "",
    "orden": 0,
    "activo": true
  }
},
{
  "model": "miprimerapp.categoria",
  "pk": 7,
  "fields": {
    "nombre": "Prótesis",
    "icono": "bi-award",
    "descripcion": "",
    "orden": 0,
    "activo": true
  }
},
{
  "model": "miprimerapp.categoria",
  "pk": 8,
  "fields": {
    "nombre": "Cepillos Adulto",
    "icono": "bi-brush",
    "descripcion": "",
    "orden": 0,
    "activo": true
  }
},
{
  "model": "miprimerapp.categoria",
  "pk": 9,
  "fields": {
    "nombre": "Pastas Dentales",
    "icono": "bi-capsule",
    "descripcion": "",
    "orden": 0,
    "activo": true
  }
},
{
  "model": "miprimerapp.categoria",
  "pk": 10,
  "fields": {
    "nombre": "Pastas Infantiles",
    "icono": "bi-emoji-laughing",
    "descripcion": "",
    "orden": 0,
    "activo": true
  }
},
{
  "model": "miprimerapp.categoria",
  "pk": 11,
  "fields": {
    "nombre": "Accesorios",
    "icono": "bi-bag",
    "descripcion": "",
    "orden": 0,
    "activo": true
  }
},
{
  "model": "miprimerapp.categoria",
  "pk": 12,
  "fields": {
    "nombre": "Otros",
    "icono": "bi-box",
    "descripcion": "",
    "orden": 0,
    "activo": true
  }
},
{
  "model": "miprimerapp.producto",
  "pk": 1,
  "fields": {
    "categoria": 1,
    "nombre": "BALSAMO LABIAL BLISTEX F15 MENTA CRE LAB X 4,20 GR",
    "marca": "Blistex",
    "descripcion": "",
    "precio": 3000,
    "costo": 1295,
    "precio_b2d": 1554,
    "precio_pack": null,
    "unidades_pack": null,
    "lote": "sin_lote",
    "fecha_vencimiento": null,
    "imagen": "",
    "precio_volumen": null,
    "cantidad_minima_volumen": null,
    "pronto_a_vencer": false,
    "stock": 0,
    "lugar_stock": "",
    "activo": true,
    "destacado": false,
    "edad_min": null,
    "edad_max": null,
    "creado": "2026-06-16T04:10:08.645Z",
    "actualizado": "2026-06-16T04:10:08.645Z"
  }
},
{
  "model": "miprimerapp.producto",
  "pk": 2,
  "fields": {
    "categoria": 1,
    "nombre": "BALSAMO LABIAL BLISTEX F15 VIBRANCE CRE LAB X 4,20 GR",
    "marca": "Blistex",
    "descripcion": "",
    "precio": 3500,
    "costo": 1669,
    "precio_b2d": 2003,
    "precio_pack": null,
    "unidades_pack": null,
    "lote": "sin_lote",
    "fecha_vencimiento": null,
    "imagen": "productos/BLISTEX_VIBRANCE_JBzJzKV.jpg",
    "precio_volumen": null,
    "cantidad_minima_volumen": null,
    "pronto_a_vencer": false,
    "stock": 5,
    "lugar_stock": "",
    "activo": true,
    "destacado": false,
    "edad_min": null,
    "edad_max": null,
    "creado": "2026-06-16T04:10:08.651Z",
    "actualizado": "2026-06-22T21:03:03.987Z"
  }
},
{
  "model": "miprimerapp.producto",
  "pk": 3,
  "fields": {
    "categoria": 1,
    "nombre": "BALSAMO LABIAL BLISTEX MEDICADA CRE LAB X 6 GR",
    "marca": "Blistex",
    "descripcion": "",
    "precio": 3000,
    "costo": 1295,
    "precio_b2d": 1554,
    "precio_pack": null,
    "unidades_pack": null,
    "lote": "sin_lote",
    "fecha_vencimiento": null,
    "imagen": "",
    "precio_volumen": null,
    "cantidad_minima_volumen": null,
    "pronto_a_vencer": false,
    "stock": 0,
    "lugar_stock": "",
    "activo": true,
    "destacado": false,
    "edad_min": null,
    "edad_max": null,
    "creado": "2026-06-16T04:10:08.656Z",
    "actualizado": "2026-06-16T04:10:08.656Z"
  }
},
{
  "model": "miprimerapp.producto",
  "pk": 4,
  "fields": {
    "categoria": 1,
    "nombre": "BALSAMO LABIAL BLISTEX SPF 50+ ULTRA X 4,25 GR",
    "marca": "Blistex",
    "descripcion": "",
    "precio": 3000,
    "costo": 1337,
    "precio_b2d": 1604,
    "precio_pack": null,
    "unidades_pack": null,
    "lote": "sin_lote",
    "fecha_vencimiento": null,
    "imagen": "productos/BLISTEX_50__ULTRA.jpg",
    "precio_volumen": null,
    "cantidad_minima_volumen": null,
    "pronto_a_vencer": false,
    "stock": 3,
    "lugar_stock": "",
    "activo": true,
    "destacado": false,
    "edad_min": null,
    "edad_max": null,
    "creado": "2026-06-16T04:10:08.661Z",
    "actualizado": "2026-06-22T21:02:53.093Z"
  }
},
{
  "model": "miprimerapp.producto",
  "pk": 5,
  "fields": {
    "categoria": 1,
    "nombre": "BALSAMO LABIAL LIP ICE NATURAL ICE SPORT SPF 30 X 4,2 GR",
    "marca": "LIP ICE",
    "descripcion": "",
    "precio": 2500,
    "costo": 1212,
    "precio_b2d": 1454,
    "precio_pack": null,
    "unidades_pack": null,
    "lote": "sin_lote",
    "fecha_vencimiento": null,
    "imagen": "",
    "precio_volumen": null,
    "cantidad_minima_volumen": null,
    "pronto_a_vencer": false,
    "stock": 0,
    "lugar_stock": "",
    "activo": true,
    "destacado": false,
    "edad_min": null,
    "edad_max": null,
    "creado": "2026-06-16T04:10:08.666Z",
    "actualizado": "2026-06-16T04:10:08.666Z"
  }
},
{
  "model": "miprimerapp.producto",
  "pk": 6,
  "fields": {
    "categoria": 1,
    "nombre": "BALSAMO LABIAL LIP ICE SOFT CEREZA MENTA SPF 20",
    "marca": "LIP ICE",
    "descripcion": "",
    "precio": 2500,
    "costo": 1441,
    "precio_b2d": 1729,
    "precio_pack": null,
    "unidades_pack": null,
    "lote": "sin_lote",
    "fecha_vencimiento": null,
    "imagen": "productos/LIP_ICE_CEREZA_ZHHRMyQ.jpg",
    "precio_volumen": null,
    "cantidad_minima_volumen": null,
    "pronto_a_vencer": false,
    "stock": 0,
    "lugar_stock": "",
    "activo": true,
    "destacado": false,
    "edad_min": null,
    "edad_max": null,
    "creado": "2026-06-16T04:10:08.671Z",
    "actualizado": "2026-06-22T21:01:53.942Z"
  }
},
{
  "model": "miprimerapp.producto",
  "pk": 7,
  "fields": {
    "categoria": 1,
    "nombre": "BALSAMO LABIAL LIP ICE SOFT FRAMBUESA INTENSA SPF 20",
    "marca": "LIP ICE",
    "descripcion": "",
    "precio": 2500,
    "costo": 1441,
    "precio_b2d": 1729,
    "precio_pack": null,
    "unidades_pack": null,
    "lote": "sin_lote",
    "fecha_vencimiento": null,
    "imagen": "productos/LIP_ICE_FRAMBUESA_eENOg9Y.jpg",
    "precio_volumen": null,
    "cantidad_minima_volumen": null,
    "pronto_a_vencer": false,
    "stock": 3,
    "lugar_stock": "",
    "activo": true,
    "destacado": false,
    "edad_min": null,
    "edad_max": null,
    "creado": "2026-06-16T04:10:08.675Z",
    "actualizado": "2026-06-22T21:02:05.262Z"
  }
},
{
  "model": "miprimerapp.producto",
  "pk": 8,
  "fields": {
    "categoria": 1,
    "nombre": "BALSAMO LABIAL LIP ICE SOFT SANDIA SPF 20 X 2 GR",
    "marca": "LIP ICE",
    "descripcion": "",
    "precio": 2500,
    "costo": 1556,
    "precio_b2d": 1867,
    "precio_pack": null,
    "unidades_pack": null,
    "lote": "sin_lote",
    "fecha_vencimiento": null,
    "imagen": "productos/LIP_ICE_SANDIA_lIVYhcI.jpg",
    "precio_volumen": null,
    "cantidad_minima_volumen": null,
    "pronto_a_vencer": false,
    "stock": 3,
    "lugar_stock": "",
    "activo": true,
    "destacado": false,
    "edad_min": null,
    "edad_max": null,
    "creado": "2026-06-16T04:10:08.679Z",
    "actualizado": "2026-06-22T21:02:14.939Z"
  }
},
{
  "model": "miprimerapp.producto",
  "pk": 9,
  "fields": {
    "categoria": 1,
    "nombre": "BALSAMO LABIAL VASELINE ORIGINAL X 7 GR",
    "marca": "Vaseline",
    "descripcion": "",
    "precio": 3500,
    "costo": 2454,
    "precio_b2d": 2945,
    "precio_pack": null,
    "unidades_pack": null,
    "lote": "sin_lote",
    "fecha_vencimiento": null,
    "imagen": "",
    "precio_volumen": null,
    "cantidad_minima_volumen": null,
    "pronto_a_vencer": false,
    "stock": 0,
    "lugar_stock": "",
    "activo": true,
    "destacado": false,
    "edad_min": null,
    "edad_max": null,
    "creado": "2026-06-16T04:10:08.684Z",
    "actualizado": "2026-06-16T04:10:08.684Z"
  }
},
{
  "model": "miprimerapp.producto",
  "pk": 10,
  "fields": {
    "categoria": 1,
    "nombre": "BALSAMO LABIAL VASELINE RODY X 7 GR",
    "marca": "Vaseline",
    "descripcion": "",
    "precio": 3500,
    "costo": 2487,
    "precio_b2d": 2984,
    "precio_pack": null,
    "unidades_pack": null,
    "lote": "sin_lote",
    "fecha_vencimiento": null,
    "imagen": "",
    "precio_volumen": null,
    "cantidad_minima_volumen": null,
    "pronto_a_vencer": false,
    "stock": 3,
    "lugar_stock": "",
    "activo": true,
    "destacado": false,
    "edad_min": null,
    "edad_max": null,
    "creado": "2026-06-16T04:10:08.689Z",
    "actualizado": "2026-06-22T20:29:44.919Z"
  }
},
{
  "model": "miprimerapp.producto",
  "pk": 11,
  "fields": {
    "categoria": 4,
    "nombre": "Cepillo Curaprox 1006 single",
    "marca": "Curaprox",
    "descripcion": "",
    "precio": 5000,
    "costo": 3862,
    "precio_b2d": 4634,
    "precio_pack": null,
    "unidades_pack": null,
    "lote": "sin_lote",
    "fecha_vencimiento": null,
    "imagen": "",
    "precio_volumen": null,
    "cantidad_minima_volumen": null,
    "pronto_a_vencer": false,
    "stock": 0,
    "lugar_stock": "",
    "activo": true,
    "destacado": false,
    "edad_min": null,
    "edad_max": null,
    "creado": "2026-06-16T04:10:08.694Z",
    "actualizado": "2026-06-16T04:10:08.694Z"
  }
},
{
  "model": "miprimerapp.producto",
  "pk": 12,
  "fields": {
    "categoria": 8,
    "nombre": "Cepillo Curaprox 3960 super soft",
    "marca": "Curaprox",
    "descripcion": "",
    "precio": 4500,
    "costo": 3558,
    "precio_b2d": 4270,
    "precio_pack": null,
    "unidades_pack": null,
    "lote": "sin_lote",
    "fecha_vencimiento": null,
    "imagen": "",
    "precio_volumen": 4000,
    "cantidad_minima_volumen": 4,
    "pronto_a_vencer": false,
    "stock": 0,
    "lugar_stock": "",
    "activo": true,
    "destacado": false,
    "edad_min": null,
    "edad_max": null,
    "creado": "2026-06-16T04:10:08.699Z",
    "actualizado": "2026-06-16T04:10:08.699Z"
  }
},
{
  "model": "miprimerapp.producto",
  "pk": 13,
  "fields": {
    "categoria": 8,
    "nombre": "Cepillo Curaprox 5460 ultra soft",
    "marca": "Curaprox",
    "descripcion": "",
    "precio": 4500,
    "costo": 3558,
    "precio_b2d": 4270,
    "precio_pack": null,
    "unidades_pack": null,
    "lote": "sin_lote",
    "fecha_vencimiento": null,
    "imagen": "",
    "precio_volumen": 4000,
    "cantidad_minima_volumen": 4,
    "pronto_a_vencer": false,
    "stock": 72,
    "lugar_stock": "",
    "activo": true,
    "destacado": false,
    "edad_min": null,
    "edad_max": null,
    "creado": "2026-06-16T04:10:08.703Z",
    "actualizado": "2026-06-22T20:47:28.874Z"
  }
},
{
  "model": "miprimerapp.producto",
  "pk": 14,
  "fields": {
    "categoria": 3,
    "nombre": "Cepillo Curaprox Baby",
    "marca": "Curaprox",
    "descripcion": "",
    "precio": 8000,
    "costo": 7000,
    "precio_b2d": 8400,
    "precio_pack": null,
    "unidades_pack": null,
    "lote": "sin_lote",
    "fecha_vencimiento": null,
    "imagen": "productos/CURABABY-4260-CURAPROX_6Is58vt.jpg",
    "precio_volumen": 3400,
    "cantidad_minima_volumen": 5,
    "pronto_a_vencer": false,
    "stock": 0,
    "lugar_stock": "",
    "activo": true,
    "destacado": false,
    "edad_min": null,
    "edad_max": null,
    "creado": "2026-06-16T04:10:08.708Z",
    "actualizado": "2026-06-22T20:54:14.903Z"
  }
},
{
  "model": "miprimerapp.producto",
  "pk": 15,
  "fields": {
    "categoria": 3,
    "nombre": "Cepillo Curaprox kids 4-12 años",
    "marca": "Curaprox",
    "descripcion": "",
    "precio": 4500,
    "costo": 3350,
    "precio_b2d": 4020,
    "precio_pack": null,
    "unidades_pack": null,
    "lote": "sin_lote",
    "fecha_vencimiento": null,
    "imagen": "productos/CURAPROX-KIDS-5500_vn4pEZo.jpg",
    "precio_volumen": 4000,
    "cantidad_minima_volumen": 4,
    "pronto_a_vencer": false,
    "stock": 0,
    "lugar_stock": "",
    "activo": true,
    "destacado": false,
    "edad_min": null,
    "edad_max": null,
    "creado": "2026-06-16T04:10:08.712Z",
    "actualizado": "2026-06-22T20:55:31.947Z"
  }
},
{
  "model": "miprimerapp.producto",
  "pk": 16,
  "fields": {
    "categoria": 8,
    "nombre": "Cepillo Curarpox 1560 soft",
    "marca": "",
    "descripcion": "",
    "precio": 4500,
    "costo": 3558,
    "precio_b2d": 4270,
    "precio_pack": null,
    "unidades_pack": null,
    "lote": "sin_lote",
    "fecha_vencimiento": null,
    "imagen": "",
    "precio_volumen": 4000,
    "cantidad_minima_volumen": 4,
    "pronto_a_vencer": false,
    "stock": 36,
    "lugar_stock": "",
    "activo": true,
    "destacado": false,
    "edad_min": null,
    "edad_max": null,
    "creado": "2026-06-16T04:10:08.715Z",
    "actualizado": "2026-06-22T20:47:28.895Z"
  }
},
{
  "model": "miprimerapp.producto",
  "pk": 17,
  "fields": {
    "categoria": 8,
    "nombre": "CEPILLO ELEC. SONICO Y1S VERDE USMILE",
    "marca": "USMILE",
    "descripcion": "",
    "precio": 54990,
    "costo": 45748,
    "precio_b2d": 54898,
    "precio_pack": null,
    "unidades_pack": null,
    "lote": "sin_lote",
    "fecha_vencimiento": null,
    "imagen": "",
    "precio_volumen": null,
    "cantidad_minima_volumen": null,
    "pronto_a_vencer": false,
    "stock": 0,
    "lugar_stock": "",
    "activo": true,
    "destacado": false,
    "edad_min": null,
    "edad_max": null,
    "creado": "2026-06-16T04:10:08.719Z",
    "actualizado": "2026-06-16T04:10:08.719Z"
  }
},
{
  "model": "miprimerapp.producto",
  "pk": 18,
  "fields": {
    "categoria": 8,
    "nombre": "Cepillo Elmex Ultrasoft 5500",
    "marca": "elmex",
    "descripcion": "",
    "precio": 4500,
    "costo": 2731,
    "precio_b2d": 3277,
    "precio_pack": null,
    "unidades_pack": null,
    "lote": "sin_lote",
    "fecha_vencimiento": null,
    "imagen": "productos/CEPILLO_ELMEX_ULTRASOFT_5500_W5tzKw0.jpg",
    "precio_volumen": null,
    "cantidad_minima_volumen": null,
    "pronto_a_vencer": false,
    "stock": 0,
    "lugar_stock": "",
    "activo": true,
    "destacado": false,
    "edad_min": null,
    "edad_max": null,
    "creado": "2026-06-16T04:10:08.723Z",
    "actualizado": "2026-06-22T21:10:29.818Z"
  }
},
{
  "model": "miprimerapp.producto",
  "pk": 19,
  "fields": {
    "categoria": 4,
    "nombre": "CEPILLO FRESHUP ORTHO 5680",
    "marca": "",
    "descripcion": "",
    "precio": 3000,
    "costo": 2000,
    "precio_b2d": 2400,
    "precio_pack": null,
    "unidades_pack": null,
    "lote": "sin_lote",
    "fecha_vencimiento": null,
    "imagen": "",
    "precio_volumen": null,
    "cantidad_minima_volumen": null,
    "pronto_a_vencer": false,
    "stock": 0,
    "lugar_stock": "",
    "activo": true,
    "destacado": false,
    "edad_min": null,
    "edad_max": null,
    "creado": "2026-06-16T04:10:08.728Z",
    "actualizado": "2026-06-16T04:10:08.728Z"
  }
},
{
  "model": "miprimerapp.producto",
  "pk": 20,
  "fields": {
    "categoria": 5,
    "nombre": "CEPILLO INTERDENTAL GRANEL CURAPROX",
    "marca": "Curaprox",
    "descripcion": "",
    "precio": 2000,
    "costo": 785,
    "precio_b2d": 1000,
    "precio_pack": null,
    "unidades_pack": null,
    "lote": "sin_lote",
    "fecha_vencimiento": null,
    "imagen": "",
    "precio_volumen": 850,
    "cantidad_minima_volumen": 5,
    "pronto_a_vencer": false,
    "stock": 5,
    "lugar_stock": "",
    "activo": true,
    "destacado": false,
    "edad_min": null,
    "edad_max": null,
    "creado": "2026-06-16T04:10:08.732Z",
    "actualizado": "2026-06-22T23:50:26.058Z"
  }
},
{
  "model": "miprimerapp.producto",
  "pk": 21,
  "fields": {
    "categoria": 4,
    "nombre": "Cepillo Interprox® conico 1,7 azul",
    "marca": "Interprox",
    "descripcion": "",
    "precio": 800,
    "costo": 255,
    "precio_b2d": 306,
    "precio_pack": null,
    "unidades_pack": null,
    "lote": "sin_lote",
    "fecha_vencimiento": null,
    "imagen": "",
    "precio_volumen": 500,
    "cantidad_minima_volumen": 10,
    "pronto_a_vencer": false,
    "stock": 0,
    "lugar_stock": "",
    "activo": true,
    "destacado": false,
    "edad_min": null,
    "edad_max": null,
    "creado": "2026-06-16T04:10:08.737Z",
    "actualizado": "2026-06-16T04:10:08.737Z"
  }
},
{
  "model": "miprimerapp.producto",
  "pk": 22,
  "fields": {
    "categoria": 5,
    "nombre": "Cepillo Interprox® micro 0,9 naranjo",
    "marca": "Interprox",
    "descripcion": "",
    "precio": 800,
    "costo": 255,
    "precio_b2d": 306,
    "precio_pack": null,
    "unidades_pack": null,
    "lote": "sin_lote",
    "fecha_vencimiento": null,
    "imagen": "",
    "precio_volumen": 500,
    "cantidad_minima_volumen": 10,
    "pronto_a_vencer": false,
    "stock": 0,
    "lugar_stock": "",
    "activo": true,
    "destacado": false,
    "edad_min": null,
    "edad_max": null,
    "creado": "2026-06-16T04:10:08.741Z",
    "actualizado": "2026-06-16T04:10:08.741Z"
  }
},
{
  "model": "miprimerapp.producto",
  "pk": 23,
  "fields": {
    "categoria": 4,
    "nombre": "Cepillo Interprox® micro 1,1 verde",
    "marca": "Interprox",
    "descripcion": "",
    "precio": 800,
    "costo": 255,
    "precio_b2d": 306,
    "precio_pack": null,
    "unidades_pack": null,
    "lote": "sin_lote",
    "fecha_vencimiento": null,
    "imagen": "",
    "precio_volumen": 500,
    "cantidad_minima_volumen": 10,
    "pronto_a_vencer": false,
    "stock": 0,
    "lugar_stock": "",
    "activo": true,
    "destacado": false,
    "edad_min": null,
    "edad_max": null,
    "creado": "2026-06-16T04:10:08.745Z",
    "actualizado": "2026-06-16T04:10:08.745Z"
  }
},
{
  "model": "miprimerapp.producto",
  "pk": 24,
  "fields": {
    "categoria": 4,
    "nombre": "Cepillo Interprox® mini 1,4 amarillo",
    "marca": "Interprox",
    "descripcion": "",
    "precio": 800,
    "costo": 255,
    "precio_b2d": 306,
    "precio_pack": null,
    "unidades_pack": null,
    "lote": "sin_lote",
    "fecha_vencimiento": null,
    "imagen": "",
    "precio_volumen": 500,
    "cantidad_minima_volumen": 10,
    "pronto_a_vencer": false,
    "stock": 0,
    "lugar_stock": "",
    "activo": true,
    "destacado": false,
    "edad_min": null,
    "edad_max": null,
    "creado": "2026-06-16T04:10:08.749Z",
    "actualizado": "2026-06-16T04:10:08.749Z"
  }
},
{
  "model": "miprimerapp.producto",
  "pk": 25,
  "fields": {
    "categoria": 5,
    "nombre": "Cepillo Interprox® miniconico 1,0 rojo",
    "marca": "Interprox",
    "descripcion": "",
    "precio": 800,
    "costo": 255,
    "precio_b2d": 306,
    "precio_pack": null,
    "unidades_pack": null,
    "lote": "sin_lote",
    "fecha_vencimiento": null,
    "imagen": "",
    "precio_volumen": 500,
    "cantidad_minima_volumen": 10,
    "pronto_a_vencer": false,
    "stock": 0,
    "lugar_stock": "",
    "activo": true,
    "destacado": false,
    "edad_min": null,
    "edad_max": null,
    "creado": "2026-06-16T04:10:08.753Z",
    "actualizado": "2026-06-16T04:10:08.753Z"
  }
},
{
  "model": "miprimerapp.producto",
  "pk": 26,
  "fields": {
    "categoria": 5,
    "nombre": "Cepillo Interprox® nano 0,7 rosa",
    "marca": "Interprox",
    "descripcion": "",
    "precio": 800,
    "costo": 255,
    "precio_b2d": 306,
    "precio_pack": null,
    "unidades_pack": null,
    "lote": "sin_lote",
    "fecha_vencimiento": null,
    "imagen": "",
    "precio_volumen": 500,
    "cantidad_minima_volumen": 10,
    "pronto_a_vencer": false,
    "stock": 0,
    "lugar_stock": "",
    "activo": true,
    "destacado": false,
    "edad_min": null,
    "edad_max": null,
    "creado": "2026-06-16T04:10:08.757Z",
    "actualizado": "2026-06-16T04:10:08.757Z"
  }
},
{
  "model": "miprimerapp.producto",
  "pk": 27,
  "fields": {
    "categoria": 4,
    "nombre": "Cepillo Interprox® Plus conico 1,7 azul",
    "marca": "Interprox",
    "descripcion": "",
    "precio": 800,
    "costo": 255,
    "precio_b2d": 306,
    "precio_pack": null,
    "unidades_pack": null,
    "lote": "sin_lote",
    "fecha_vencimiento": null,
    "imagen": "",
    "precio_volumen": 500,
    "cantidad_minima_volumen": 10,
    "pronto_a_vencer": false,
    "stock": 0,
    "lugar_stock": "",
    "activo": true,
    "destacado": false,
    "edad_min": null,
    "edad_max": null,
    "creado": "2026-06-16T04:10:08.762Z",
    "actualizado": "2026-06-16T04:10:08.762Z"
  }
},
{
  "model": "miprimerapp.producto",
  "pk": 28,
  "fields": {
    "categoria": 5,
    "nombre": "Cepillo Interprox® Plus micro 0,9 naranjo",
    "marca": "Interprox",
    "descripcion": "",
    "precio": 800,
    "costo": 255,
    "precio_b2d": 306,
    "precio_pack": null,
    "unidades_pack": null,
    "lote": "sin_lote",
    "fecha_vencimiento": null,
    "imagen": "",
    "precio_volumen": 500,
    "cantidad_minima_volumen": 10,
    "pronto_a_vencer": false,
    "stock": 0,
    "lugar_stock": "",
    "activo": true,
    "destacado": false,
    "edad_min": null,
    "edad_max": null,
    "creado": "2026-06-16T04:10:08.766Z",
    "actualizado": "2026-06-16T04:10:08.766Z"
  }
},
{
  "model": "miprimerapp.producto",
  "pk": 29,
  "fields": {
    "categoria": 4,
    "nombre": "Cepillo Interprox® Plus micro 1,1 verde",
    "marca": "Interprox",
    "descripcion": "",
    "precio": 800,
    "costo": 255,
    "precio_b2d": 306,
    "precio_pack": null,
    "unidades_pack": null,
    "lote": "sin_lote",
    "fecha_vencimiento": null,
    "imagen": "",
    "precio_volumen": 500,
    "cantidad_minima_volumen": 10,
    "pronto_a_vencer": false,
    "stock": 0,
    "lugar_stock": "",
    "activo": true,
    "destacado": false,
    "edad_min": null,
    "edad_max": null,
    "creado": "2026-06-16T04:10:08.770Z",
    "actualizado": "2026-06-16T04:10:08.770Z"
  }
},
{
  "model": "miprimerapp.producto",
  "pk": 30,
  "fields": {
    "categoria": 4,
    "nombre": "Cepillo Interprox® Plus mini 1,4 amarillo",
    "marca": "Interprox",
    "descripcion": "",
    "precio": 800,
    "costo": 255,
    "precio_b2d": 306,
    "precio_pack": null,
    "unidades_pack": null,
    "lote": "sin_lote",
    "fecha_vencimiento": null,
    "imagen": "",
    "precio_volumen": 500,
    "cantidad_minima_volumen": 10,
    "pronto_a_vencer": false,
    "stock": 0,
    "lugar_stock": "",
    "activo": true,
    "destacado": false,
    "edad_min": null,
    "edad_max": null,
    "creado": "2026-06-16T04:10:08.774Z",
    "actualizado": "2026-06-16T04:10:08.774Z"
  }
},
{
  "model": "miprimerapp.producto",
  "pk": 31,
  "fields": {
    "categoria": 5,
    "nombre": "Cepillo Interprox® Plus miniconico 1,0 rojo",
    "marca": "Interprox",
    "descripcion": "",
    "precio": 800,
    "costo": 255,
    "precio_b2d": 306,
    "precio_pack": null,
    "unidades_pack": null,
    "lote": "sin_lote",
    "fecha_vencimiento": null,
    "imagen": "",
    "precio_volumen": 500,
    "cantidad_minima_volumen": 10,
    "pronto_a_vencer": false,
    "stock": 0,
    "lugar_stock": "",
    "activo": true,
    "destacado": false,
    "edad_min": null,
    "edad_max": null,
    "creado": "2026-06-16T04:10:08.778Z",
    "actualizado": "2026-06-16T04:10:08.778Z"
  }
},
{
  "model": "miprimerapp.producto",
  "pk": 32,
  "fields": {
    "categoria": 5,
    "nombre": "Cepillo Interprox® Plus nano 0,7 rosa",
    "marca": "Interprox",
    "descripcion": "",
    "precio": 800,
    "costo": 255,
    "precio_b2d": 306,
    "precio_pack": null,
    "unidades_pack": null,
    "lote": "sin_lote",
    "fecha_vencimiento": null,
    "imagen": "",
    "precio_volumen": 500,
    "cantidad_minima_volumen": 10,
    "pronto_a_vencer": false,
    "stock": 0,
    "lugar_stock": "",
    "activo": true,
    "destacado": false,
    "edad_min": null,
    "edad_max": null,
    "creado": "2026-06-16T04:10:08.782Z",
    "actualizado": "2026-06-16T04:10:08.782Z"
  }
},
{
  "model": "miprimerapp.producto",
  "pk": 33,
  "fields": {
    "categoria": 4,
    "nombre": "Cepillo Interprox® Plus super conico 2,0 negro",
    "marca": "Interprox",
    "descripcion": "",
    "precio": 800,
    "costo": 255,
    "precio_b2d": 306,
    "precio_pack": null,
    "unidades_pack": null,
    "lote": "sin_lote",
    "fecha_vencimiento": null,
    "imagen": "",
    "precio_volumen": 500,
    "cantidad_minima_volumen": 10,
    "pronto_a_vencer": false,
    "stock": 0,
    "lugar_stock": "",
    "activo": true,
    "destacado": false,
    "edad_min": null,
    "edad_max": null,
    "creado": "2026-06-16T04:10:08.786Z",
    "actualizado": "2026-06-16T04:10:08.786Z"
  }
},
{
  "model": "miprimerapp.producto",
  "pk": 34,
  "fields": {
    "categoria": 4,
    "nombre": "Cepillo Ortodoncia Curaprox",
    "marca": "Curaprox",
    "descripcion": "",
    "precio": 5000,
    "costo": 3853,
    "precio_b2d": 4624,
    "precio_pack": null,
    "unidades_pack": null,
    "lote": "sin_lote",
    "fecha_vencimiento": null,
    "imagen": "",
    "precio_volumen": null,
    "cantidad_minima_volumen": null,
    "pronto_a_vencer": false,
    "stock": 0,
    "lugar_stock": "",
    "activo": true,
    "destacado": false,
    "edad_min": null,
    "edad_max": null,
    "creado": "2026-06-16T04:10:08.790Z",
    "actualizado": "2026-06-16T04:10:08.790Z"
  }
},
{
  "model": "miprimerapp.producto",
  "pk": 35,
  "fields": {
    "categoria": 7,
    "nombre": "CEPILLO PHB PROTESIS",
    "marca": "PHB",
    "descripcion": "",
    "precio": 4000,
    "costo": 2428,
    "precio_b2d": 2914,
    "precio_pack": null,
    "unidades_pack": null,
    "lote": "sin_lote",
    "fecha_vencimiento": null,
    "imagen": "",
    "precio_volumen": null,
    "cantidad_minima_volumen": null,
    "pronto_a_vencer": false,
    "stock": 2,
    "lugar_stock": "",
    "activo": true,
    "destacado": false,
    "edad_min": null,
    "edad_max": null,
    "creado": "2026-06-16T04:10:08.795Z",
    "actualizado": "2026-06-22T22:16:23.233Z"
  }
},
{
  "model": "miprimerapp.producto",
  "pk": 36,
  "fields": {
    "categoria": 7,
    "nombre": "Cepillo Protesis CARISTOP",
    "marca": "Caristop",
    "descripcion": "",
    "precio": 3000,
    "costo": 2500,
    "precio_b2d": 3000,
    "precio_pack": null,
    "unidades_pack": null,
    "lote": "sin_lote",
    "fecha_vencimiento": null,
    "imagen": "",
    "precio_volumen": null,
    "cantidad_minima_volumen": null,
    "pronto_a_vencer": false,
    "stock": 2,
    "lugar_stock": "",
    "activo": true,
    "destacado": false,
    "edad_min": null,
    "edad_max": null,
    "creado": "2026-06-16T04:10:08.799Z",
    "actualizado": "2026-06-22T20:29:44.780Z"
  }
},
{
  "model": "miprimerapp.producto",
  "pk": 37,
  "fields": {
    "categoria": 4,
    "nombre": "Cepillo TEPE Implant/Ortho",
    "marca": "TePe",
    "descripcion": "",
    "precio": 4000,
    "costo": 2805,
    "precio_b2d": 3366,
    "precio_pack": null,
    "unidades_pack": null,
    "lote": "sin_lote",
    "fecha_vencimiento": null,
    "imagen": "",
    "precio_volumen": null,
    "cantidad_minima_volumen": null,
    "pronto_a_vencer": false,
    "stock": 0,
    "lugar_stock": "",
    "activo": true,
    "destacado": false,
    "edad_min": null,
    "edad_max": null,
    "creado": "2026-06-16T04:10:08.802Z",
    "actualizado": "2026-06-16T04:10:08.802Z"
  }
},
{
  "model": "miprimerapp.producto",
  "pk": 38,
  "fields": {
    "categoria": 8,
    "nombre": "Cepillo VAI Bambo",
    "marca": "",
    "descripcion": "",
    "precio": 4000,
    "costo": 1828,
    "precio_b2d": 2194,
    "precio_pack": null,
    "unidades_pack": null,
    "lote": "sin_lote",
    "fecha_vencimiento": null,
    "imagen": "",
    "precio_volumen": null,
    "cantidad_minima_volumen": null,
    "pronto_a_vencer": false,
    "stock": 3,
    "lugar_stock": "",
    "activo": true,
    "destacado": false,
    "edad_min": null,
    "edad_max": null,
    "creado": "2026-06-16T04:10:08.806Z",
    "actualizado": "2026-06-22T22:52:06.239Z"
  }
},
{
  "model": "miprimerapp.producto",
  "pk": 39,
  "fields": {
    "categoria": 8,
    "nombre": "Cepillo Velvet",
    "marca": "",
    "descripcion": "",
    "precio": 6000,
    "costo": 4415,
    "precio_b2d": 5298,
    "precio_pack": null,
    "unidades_pack": null,
    "lote": "sin_lote",
    "fecha_vencimiento": null,
    "imagen": "",
    "precio_volumen": null,
    "cantidad_minima_volumen": null,
    "pronto_a_vencer": false,
    "stock": 0,
    "lugar_stock": "",
    "activo": true,
    "destacado": false,
    "edad_min": null,
    "edad_max": null,
    "creado": "2026-06-16T04:10:08.810Z",
    "actualizado": "2026-06-16T04:10:08.810Z"
  }
},
{
  "model": "miprimerapp.producto",
  "pk": 40,
  "fields": {
    "categoria": 3,
    "nombre": "Cepillo VITIS Baby",
    "marca": "VITIS",
    "descripcion": "",
    "precio": 3000,
    "costo": 1783,
    "precio_b2d": 2140,
    "precio_pack": null,
    "unidades_pack": null,
    "lote": "sin_lote",
    "fecha_vencimiento": null,
    "imagen": "productos/CEPILLO_BABY_VITIS_rEVsLiQ.jpg",
    "precio_volumen": null,
    "cantidad_minima_volumen": null,
    "pronto_a_vencer": false,
    "stock": 0,
    "lugar_stock": "",
    "activo": true,
    "destacado": false,
    "edad_min": null,
    "edad_max": null,
    "creado": "2026-06-16T04:10:08.813Z",
    "actualizado": "2026-06-22T20:55:41.909Z"
  }
},
{
  "model": "miprimerapp.producto",
  "pk": 41,
  "fields": {
    "categoria": 4,
    "nombre": "Cepillo VITIS ORTHODONTIC Access",
    "marca": "VITIS",
    "descripcion": "",
    "precio": 3000,
    "costo": 1050,
    "precio_b2d": 1260,
    "precio_pack": null,
    "unidades_pack": null,
    "lote": "sin_lote",
    "fecha_vencimiento": null,
    "imagen": "",
    "precio_volumen": null,
    "cantidad_minima_volumen": null,
    "pronto_a_vencer": false,
    "stock": 0,
    "lugar_stock": "",
    "activo": true,
    "destacado": false,
    "edad_min": null,
    "edad_max": null,
    "creado": "2026-06-16T04:10:08.817Z",
    "actualizado": "2026-06-16T04:10:08.817Z"
  }
},
{
  "model": "miprimerapp.producto",
  "pk": 42,
  "fields": {
    "categoria": 8,
    "nombre": "Cepillo VITIS suave Access",
    "marca": "VITIS",
    "descripcion": "",
    "precio": 3000,
    "costo": 1783,
    "precio_b2d": 2140,
    "precio_pack": null,
    "unidades_pack": null,
    "lote": "sin_lote",
    "fecha_vencimiento": null,
    "imagen": "",
    "precio_volumen": null,
    "cantidad_minima_volumen": null,
    "pronto_a_vencer": false,
    "stock": 0,
    "lugar_stock": "",
    "activo": true,
    "destacado": false,
    "edad_min": null,
    "edad_max": null,
    "creado": "2026-06-16T04:10:08.821Z",
    "actualizado": "2026-06-16T04:10:08.821Z"
  }
},
{
  "model": "miprimerapp.producto",
  "pk": 43,
  "fields": {
    "categoria": 4,
    "nombre": "CERA VITIS ORTHODONTIC 2 X 1",
    "marca": "VITIS",
    "descripcion": "",
    "precio": 5000,
    "costo": 3590,
    "precio_b2d": 4308,
    "precio_pack": null,
    "unidades_pack": null,
    "lote": "sin_lote",
    "fecha_vencimiento": null,
    "imagen": "",
    "precio_volumen": null,
    "cantidad_minima_volumen": null,
    "pronto_a_vencer": false,
    "stock": 0,
    "lugar_stock": "",
    "activo": true,
    "destacado": false,
    "edad_min": null,
    "edad_max": null,
    "creado": "2026-06-16T04:10:08.825Z",
    "actualizado": "2026-06-16T04:10:08.825Z"
  }
},
{
  "model": "miprimerapp.producto",
  "pk": 44,
  "fields": {
    "categoria": 3,
    "nombre": "Chupete Curaprox Baby size 0 blister",
    "marca": "Curaprox",
    "descripcion": "",
    "precio": 13500,
    "costo": 10186,
    "precio_b2d": 12223,
    "precio_pack": null,
    "unidades_pack": null,
    "lote": "sin_lote",
    "fecha_vencimiento": null,
    "imagen": "productos/curaprox-baby-chupeta-verde-_1_tAy9aj5.jpg",
    "precio_volumen": null,
    "cantidad_minima_volumen": null,
    "pronto_a_vencer": false,
    "stock": 0,
    "lugar_stock": "",
    "activo": true,
    "destacado": false,
    "edad_min": null,
    "edad_max": null,
    "creado": "2026-06-16T04:10:08.828Z",
    "actualizado": "2026-06-22T20:55:12.597Z"
  }
},
{
  "model": "miprimerapp.producto",
  "pk": 45,
  "fields": {
    "categoria": 5,
    "nombre": "CPS 06 GRANEL X 50",
    "marca": "",
    "descripcion": "",
    "precio": 2000,
    "costo": 39258,
    "precio_b2d": 47110,
    "precio_pack": null,
    "unidades_pack": null,
    "lote": "sin_lote",
    "fecha_vencimiento": null,
    "imagen": "",
    "precio_volumen": null,
    "cantidad_minima_volumen": null,
    "pronto_a_vencer": false,
    "stock": 0,
    "lugar_stock": "",
    "activo": true,
    "destacado": false,
    "edad_min": null,
    "edad_max": null,
    "creado": "2026-06-16T04:10:08.833Z",
    "actualizado": "2026-06-16T04:10:08.833Z"
  }
},
{
  "model": "miprimerapp.producto",
  "pk": 46,
  "fields": {
    "categoria": 3,
    "nombre": "DEDAL VITIS BABY",
    "marca": "VITIS",
    "descripcion": "",
    "precio": 3600,
    "costo": 2497,
    "precio_b2d": 2996,
    "precio_pack": null,
    "unidades_pack": null,
    "lote": "sin_lote",
    "fecha_vencimiento": null,
    "imagen": "productos/DEDAL_VITIS_KDFNrMw.jpg",
    "precio_volumen": null,
    "cantidad_minima_volumen": null,
    "pronto_a_vencer": false,
    "stock": 0,
    "lugar_stock": "",
    "activo": true,
    "destacado": false,
    "edad_min": null,
    "edad_max": null,
    "creado": "2026-06-16T04:10:08.836Z",
    "actualizado": "2026-06-22T20:55:53.094Z"
  }
},
{
  "model": "miprimerapp.producto",
  "pk": 47,
  "fields": {
    "categoria": 6,
    "nombre": "ENJ BUCAL Colgate Plax 2 lt",
    "marca": "Colgate",
    "descripcion": "",
    "precio": 12000,
    "costo": 8749,
    "precio_b2d": 10499,
    "precio_pack": null,
    "unidades_pack": null,
    "lote": "sin_lote",
    "fecha_vencimiento": null,
    "imagen": "",
    "precio_volumen": null,
    "cantidad_minima_volumen": null,
    "pronto_a_vencer": false,
    "stock": 0,
    "lugar_stock": "",
    "activo": true,
    "destacado": false,
    "edad_min": null,
    "edad_max": null,
    "creado": "2026-06-16T04:10:08.841Z",
    "actualizado": "2026-06-16T04:10:08.841Z"
  }
},
{
  "model": "miprimerapp.producto",
  "pk": 48,
  "fields": {
    "categoria": 6,
    "nombre": "ENJ BUCAL COLGATE PLAX FRSH MNT X 500 ML",
    "marca": "Colgate",
    "descripcion": "",
    "precio": 5000,
    "costo": 4250,
    "precio_b2d": 5100,
    "precio_pack": null,
    "unidades_pack": null,
    "lote": "sin_lote",
    "fecha_vencimiento": null,
    "imagen": "",
    "precio_volumen": null,
    "cantidad_minima_volumen": null,
    "pronto_a_vencer": false,
    "stock": 0,
    "lugar_stock": "",
    "activo": true,
    "destacado": false,
    "edad_min": null,
    "edad_max": null,
    "creado": "2026-06-16T04:10:08.845Z",
    "actualizado": "2026-06-16T04:10:08.845Z"
  }
},
{
  "model": "miprimerapp.producto",
  "pk": 49,
  "fields": {
    "categoria": 6,
    "nombre": "ENJ BUCAL COLGATE PLAX ICE INFINITY X 1 L",
    "marca": "Colgate",
    "descripcion": "",
    "precio": 6500,
    "costo": 5867,
    "precio_b2d": 7040,
    "precio_pack": null,
    "unidades_pack": null,
    "lote": "sin_lote",
    "fecha_vencimiento": null,
    "imagen": "",
    "precio_volumen": null,
    "cantidad_minima_volumen": null,
    "pronto_a_vencer": false,
    "stock": 0,
    "lugar_stock": "",
    "activo": true,
    "destacado": false,
    "edad_min": null,
    "edad_max": null,
    "creado": "2026-06-16T04:10:08.850Z",
    "actualizado": "2026-06-16T04:10:08.850Z"
  }
},
{
  "model": "miprimerapp.producto",
  "pk": 50,
  "fields": {
    "categoria": 6,
    "nombre": "ENJ BUCAL COLGATE PLAX SOFT MINT X 2 L",
    "marca": "Colgate",
    "descripcion": "",
    "precio": 12000,
    "costo": 8748,
    "precio_b2d": 10498,
    "precio_pack": null,
    "unidades_pack": null,
    "lote": "sin_lote",
    "fecha_vencimiento": null,
    "imagen": "",
    "precio_volumen": null,
    "cantidad_minima_volumen": null,
    "pronto_a_vencer": false,
    "stock": 0,
    "lugar_stock": "",
    "activo": true,
    "destacado": false,
    "edad_min": null,
    "edad_max": null,
    "creado": "2026-06-16T04:10:08.855Z",
    "actualizado": "2026-06-16T04:10:08.855Z"
  }
},
{
  "model": "miprimerapp.producto",
  "pk": 51,
  "fields": {
    "categoria": 6,
    "nombre": "ENJ BUCAL ELMEX ANTICARIES X 400 ML",
    "marca": "elmex",
    "descripcion": "",
    "precio": 5500,
    "costo": 4706,
    "precio_b2d": 5647,
    "precio_pack": null,
    "unidades_pack": null,
    "lote": "sin_lote",
    "fecha_vencimiento": null,
    "imagen": "productos/ENJ_ELMEX_ANTICARIES_USTn58X.jpg",
    "precio_volumen": null,
    "cantidad_minima_volumen": null,
    "pronto_a_vencer": false,
    "stock": 0,
    "lugar_stock": "",
    "activo": true,
    "destacado": false,
    "edad_min": null,
    "edad_max": null,
    "creado": "2026-06-16T04:10:08.859Z",
    "actualizado": "2026-06-22T21:10:48.399Z"
  }
},
{
  "model": "miprimerapp.producto",
  "pk": 52,
  "fields": {
    "categoria": 6,
    "nombre": "ENJ BUCAL ELMEX SENSITIVE X 400 ML",
    "marca": "elmex",
    "descripcion": "",
    "precio": 6000,
    "costo": 4024,
    "precio_b2d": 4829,
    "precio_pack": null,
    "unidades_pack": null,
    "lote": "sin_lote",
    "fecha_vencimiento": null,
    "imagen": "productos/ENJ_ELMEX_SENSITIVE_IHqQAr8.jpg",
    "precio_volumen": null,
    "cantidad_minima_volumen": null,
    "pronto_a_vencer": false,
    "stock": 0,
    "lugar_stock": "",
    "activo": true,
    "destacado": false,
    "edad_min": null,
    "edad_max": null,
    "creado": "2026-06-16T04:10:08.863Z",
    "actualizado": "2026-06-22T21:11:01.347Z"
  }
},
{
  "model": "miprimerapp.producto",
  "pk": 53,
  "fields": {
    "categoria": 6,
    "nombre": "ENJ BUCAL OXYFRESH Limon Menta x 473 ml",
    "marca": "Oxyfresh",
    "descripcion": "",
    "precio": 9200,
    "costo": 7267,
    "precio_b2d": 8720,
    "precio_pack": null,
    "unidades_pack": null,
    "lote": "sin_lote",
    "fecha_vencimiento": null,
    "imagen": "",
    "precio_volumen": null,
    "cantidad_minima_volumen": null,
    "pronto_a_vencer": false,
    "stock": 0,
    "lugar_stock": "",
    "activo": true,
    "destacado": false,
    "edad_min": null,
    "edad_max": null,
    "creado": "2026-06-16T04:10:08.868Z",
    "actualizado": "2026-06-16T04:10:08.868Z"
  }
},
{
  "model": "miprimerapp.producto",
  "pk": 54,
  "fields": {
    "categoria": 6,
    "nombre": "ENJ BUCAL OXYFRESH Limon Menta x 89 ml",
    "marca": "Oxyfresh",
    "descripcion": "",
    "precio": 3000,
    "costo": 2370,
    "precio_b2d": 2844,
    "precio_pack": null,
    "unidades_pack": null,
    "lote": "sin_lote",
    "fecha_vencimiento": null,
    "imagen": "",
    "precio_volumen": null,
    "cantidad_minima_volumen": null,
    "pronto_a_vencer": false,
    "stock": 0,
    "lugar_stock": "",
    "activo": true,
    "destacado": false,
    "edad_min": null,
    "edad_max": null,
    "creado": "2026-06-16T04:10:08.872Z",
    "actualizado": "2026-06-16T04:10:08.872Z"
  }
},
{
  "model": "miprimerapp.producto",
  "pk": 55,
  "fields": {
    "categoria": 6,
    "nombre": "ENJ BUCAL OXYFRESH Menta Fresca x 473 ml",
    "marca": "Oxyfresh",
    "descripcion": "",
    "precio": 8200,
    "costo": 6478,
    "precio_b2d": 7774,
    "precio_pack": null,
    "unidades_pack": null,
    "lote": "sin_lote",
    "fecha_vencimiento": null,
    "imagen": "",
    "precio_volumen": null,
    "cantidad_minima_volumen": null,
    "pronto_a_vencer": false,
    "stock": 0,
    "lugar_stock": "",
    "activo": true,
    "destacado": false,
    "edad_min": null,
    "edad_max": null,
    "creado": "2026-06-16T04:10:08.876Z",
    "actualizado": "2026-06-16T04:10:08.876Z"
  }
},
{
  "model": "miprimerapp.producto",
  "pk": 56,
  "fields": {
    "categoria": 6,
    "nombre": "ENJ BUCAL OXYFRESH Menta Fresca x 89 ml",
    "marca": "Oxyfresh",
    "descripcion": "",
    "precio": 3000,
    "costo": 2370,
    "precio_b2d": 2844,
    "precio_pack": null,
    "unidades_pack": null,
    "lote": "sin_lote",
    "fecha_vencimiento": null,
    "imagen": "",
    "precio_volumen": null,
    "cantidad_minima_volumen": null,
    "pronto_a_vencer": false,
    "stock": 0,
    "lugar_stock": "",
    "activo": true,
    "destacado": false,
    "edad_min": null,
    "edad_max": null,
    "creado": "2026-06-16T04:10:08.888Z",
    "actualizado": "2026-06-16T04:10:08.888Z"
  }
},
{
  "model": "miprimerapp.producto",
  "pk": 57,
  "fields": {
    "categoria": 6,
    "nombre": "ENJ BUCAL PERIOGARD X 250 ML",
    "marca": "",
    "descripcion": "",
    "precio": 6000,
    "costo": 3586,
    "precio_b2d": 4303,
    "precio_pack": null,
    "unidades_pack": null,
    "lote": "sin_lote",
    "fecha_vencimiento": null,
    "imagen": "",
    "precio_volumen": null,
    "cantidad_minima_volumen": null,
    "pronto_a_vencer": false,
    "stock": 6,
    "lugar_stock": "",
    "activo": true,
    "destacado": false,
    "edad_min": null,
    "edad_max": null,
    "creado": "2026-06-16T04:10:08.893Z",
    "actualizado": "2026-06-22T20:29:44.899Z"
  }
},
{
  "model": "miprimerapp.producto",
  "pk": 58,
  "fields": {
    "categoria": 6,
    "nombre": "ENJ BUCAL PERIOGARD X 60 ML",
    "marca": "",
    "descripcion": "",
    "precio": 1000,
    "costo": 0,
    "precio_b2d": null,
    "precio_pack": null,
    "unidades_pack": null,
    "lote": "sin_lote",
    "fecha_vencimiento": null,
    "imagen": "",
    "precio_volumen": null,
    "cantidad_minima_volumen": null,
    "pronto_a_vencer": false,
    "stock": 0,
    "lugar_stock": "",
    "activo": true,
    "destacado": false,
    "edad_min": null,
    "edad_max": null,
    "creado": "2026-06-16T04:10:08.897Z",
    "actualizado": "2026-06-16T04:10:08.897Z"
  }
},
{
  "model": "miprimerapp.producto",
  "pk": 59,
  "fields": {
    "categoria": 6,
    "nombre": "ENJ BUCAL PHB FRESH CARE X 500 ML",
    "marca": "PHB",
    "descripcion": "",
    "precio": 5000,
    "costo": 3588,
    "precio_b2d": 4306,
    "precio_pack": null,
    "unidades_pack": null,
    "lote": "sin_lote",
    "fecha_vencimiento": null,
    "imagen": "",
    "precio_volumen": null,
    "cantidad_minima_volumen": null,
    "pronto_a_vencer": false,
    "stock": 0,
    "lugar_stock": "",
    "activo": true,
    "destacado": false,
    "edad_min": null,
    "edad_max": null,
    "creado": "2026-06-16T04:10:08.900Z",
    "actualizado": "2026-06-16T04:10:08.900Z"
  }
},
{
  "model": "miprimerapp.producto",
  "pk": 60,
  "fields": {
    "categoria": 6,
    "nombre": "ENJ BUCAL PHB TOTAL CARE X 500 ML",
    "marca": "PHB",
    "descripcion": "",
    "precio": 5000,
    "costo": 3588,
    "precio_b2d": 4306,
    "precio_pack": null,
    "unidades_pack": null,
    "lote": "sin_lote",
    "fecha_vencimiento": null,
    "imagen": "",
    "precio_volumen": null,
    "cantidad_minima_volumen": null,
    "pronto_a_vencer": false,
    "stock": 0,
    "lugar_stock": "",
    "activo": true,
    "destacado": false,
    "edad_min": null,
    "edad_max": null,
    "creado": "2026-06-16T04:10:08.904Z",
    "actualizado": "2026-06-16T04:10:08.904Z"
  }
},
{
  "model": "miprimerapp.producto",
  "pk": 61,
  "fields": {
    "categoria": 6,
    "nombre": "ENJ BUCAL VITIS CPC PROTECT X 500 ML",
    "marca": "VITIS",
    "descripcion": "",
    "precio": 7000,
    "costo": 4730,
    "precio_b2d": 5676,
    "precio_pack": null,
    "unidades_pack": null,
    "lote": "sin_lote",
    "fecha_vencimiento": null,
    "imagen": "",
    "precio_volumen": null,
    "cantidad_minima_volumen": null,
    "pronto_a_vencer": false,
    "stock": 0,
    "lugar_stock": "",
    "activo": true,
    "destacado": false,
    "edad_min": null,
    "edad_max": null,
    "creado": "2026-06-16T04:10:08.908Z",
    "actualizado": "2026-06-16T04:10:08.908Z"
  }
},
{
  "model": "miprimerapp.producto",
  "pk": 62,
  "fields": {
    "categoria": 6,
    "nombre": "ENJ BUCAL VITIS ENCIAS X 500 ML",
    "marca": "VITIS",
    "descripcion": "",
    "precio": 7000,
    "costo": 4965,
    "precio_b2d": 5958,
    "precio_pack": null,
    "unidades_pack": null,
    "lote": "sin_lote",
    "fecha_vencimiento": null,
    "imagen": "",
    "precio_volumen": null,
    "cantidad_minima_volumen": null,
    "pronto_a_vencer": false,
    "stock": 0,
    "lugar_stock": "",
    "activo": true,
    "destacado": false,
    "edad_min": null,
    "edad_max": null,
    "creado": "2026-06-16T04:10:08.912Z",
    "actualizado": "2026-06-16T04:10:08.912Z"
  }
},
{
  "model": "miprimerapp.producto",
  "pk": 63,
  "fields": {
    "categoria": 6,
    "nombre": "ENJ BUCAL VITIS ORTHODONTIC X 30 ML",
    "marca": "VITIS",
    "descripcion": "",
    "precio": 1000,
    "costo": 350,
    "precio_b2d": 420,
    "precio_pack": null,
    "unidades_pack": null,
    "lote": "sin_lote",
    "fecha_vencimiento": null,
    "imagen": "",
    "precio_volumen": null,
    "cantidad_minima_volumen": null,
    "pronto_a_vencer": false,
    "stock": 0,
    "lugar_stock": "",
    "activo": true,
    "destacado": false,
    "edad_min": null,
    "edad_max": null,
    "creado": "2026-06-16T04:10:08.916Z",
    "actualizado": "2026-06-16T04:10:08.916Z"
  }
},
{
  "model": "miprimerapp.producto",
  "pk": 64,
  "fields": {
    "categoria": 6,
    "nombre": "ENJ BUCAL VITIS ORTHODONTIC X 500 ML",
    "marca": "VITIS",
    "descripcion": "",
    "precio": 7000,
    "costo": 4965,
    "precio_b2d": 5958,
    "precio_pack": null,
    "unidades_pack": null,
    "lote": "sin_lote",
    "fecha_vencimiento": null,
    "imagen": "",
    "precio_volumen": null,
    "cantidad_minima_volumen": null,
    "pronto_a_vencer": false,
    "stock": 0,
    "lugar_stock": "",
    "activo": true,
    "destacado": false,
    "edad_min": null,
    "edad_max": null,
    "creado": "2026-06-16T04:10:08.920Z",
    "actualizado": "2026-06-16T04:10:08.920Z"
  }
},
{
  "model": "miprimerapp.producto",
  "pk": 65,
  "fields": {
    "categoria": 6,
    "nombre": "ENJ BUCAL VITIS SENSIBLE X 500 ML",
    "marca": "VITIS",
    "descripcion": "",
    "precio": 7000,
    "costo": 6026,
    "precio_b2d": 7231,
    "precio_pack": null,
    "unidades_pack": null,
    "lote": "sin_lote",
    "fecha_vencimiento": null,
    "imagen": "",
    "precio_volumen": null,
    "cantidad_minima_volumen": null,
    "pronto_a_vencer": false,
    "stock": 0,
    "lugar_stock": "",
    "activo": true,
    "destacado": false,
    "edad_min": null,
    "edad_max": null,
    "creado": "2026-06-16T04:10:08.924Z",
    "actualizado": "2026-06-16T04:10:08.924Z"
  }
},
{
  "model": "miprimerapp.producto",
  "pk": 66,
  "fields": {
    "categoria": 6,
    "nombre": "ENJ BUCAL XEROS X 500 ML",
    "marca": "Xeros",
    "descripcion": "",
    "precio": 7000,
    "costo": 5769,
    "precio_b2d": 6923,
    "precio_pack": null,
    "unidades_pack": null,
    "lote": "sin_lote",
    "fecha_vencimiento": null,
    "imagen": "",
    "precio_volumen": null,
    "cantidad_minima_volumen": null,
    "pronto_a_vencer": false,
    "stock": 0,
    "lugar_stock": "",
    "activo": true,
    "destacado": false,
    "edad_min": null,
    "edad_max": null,
    "creado": "2026-06-16T04:10:08.928Z",
    "actualizado": "2026-06-16T04:10:08.928Z"
  }
},
{
  "model": "miprimerapp.producto",
  "pk": 67,
  "fields": {
    "categoria": 6,
    "nombre": "Enjuague VITIS Encías 30 ml.",
    "marca": "VITIS",
    "descripcion": "",
    "precio": 1000,
    "costo": 350,
    "precio_b2d": 420,
    "precio_pack": null,
    "unidades_pack": null,
    "lote": "sin_lote",
    "fecha_vencimiento": null,
    "imagen": "",
    "precio_volumen": 500,
    "cantidad_minima_volumen": 4,
    "pronto_a_vencer": false,
    "stock": 0,
    "lugar_stock": "",
    "activo": true,
    "destacado": false,
    "edad_min": null,
    "edad_max": null,
    "creado": "2026-06-16T04:10:08.932Z",
    "actualizado": "2026-06-16T04:10:08.932Z"
  }
},
{
  "model": "miprimerapp.producto",
  "pk": 68,
  "fields": {
    "categoria": 6,
    "nombre": "Enjuague VITIS Orthodontic 30 ml.",
    "marca": "VITIS",
    "descripcion": "",
    "precio": 1000,
    "costo": 350,
    "precio_b2d": 420,
    "precio_pack": null,
    "unidades_pack": null,
    "lote": "sin_lote",
    "fecha_vencimiento": null,
    "imagen": "",
    "precio_volumen": 500,
    "cantidad_minima_volumen": 4,
    "pronto_a_vencer": false,
    "stock": 0,
    "lugar_stock": "",
    "activo": true,
    "destacado": false,
    "edad_min": null,
    "edad_max": null,
    "creado": "2026-06-16T04:10:08.936Z",
    "actualizado": "2026-06-16T04:10:08.936Z"
  }
},
{
  "model": "miprimerapp.producto",
  "pk": 69,
  "fields": {
    "categoria": 8,
    "nombre": "Estuche VITIS Transparente",
    "marca": "VITIS",
    "descripcion": "",
    "precio": 3000,
    "costo": 1050,
    "precio_b2d": 1260,
    "precio_pack": null,
    "unidades_pack": null,
    "lote": "sin_lote",
    "fecha_vencimiento": null,
    "imagen": "",
    "precio_volumen": null,
    "cantidad_minima_volumen": null,
    "pronto_a_vencer": false,
    "stock": 0,
    "lugar_stock": "",
    "activo": true,
    "destacado": false,
    "edad_min": null,
    "edad_max": null,
    "creado": "2026-06-16T04:10:08.941Z",
    "actualizado": "2026-06-16T04:10:08.941Z"
  }
},
{
  "model": "miprimerapp.producto",
  "pk": 70,
  "fields": {
    "categoria": 1,
    "nombre": "EUCERIN AQUAPHOR REP LAB S/AG X 10 ML",
    "marca": "",
    "descripcion": "",
    "precio": 9500,
    "costo": 7136,
    "precio_b2d": 8563,
    "precio_pack": null,
    "unidades_pack": null,
    "lote": "sin_lote",
    "fecha_vencimiento": null,
    "imagen": "",
    "precio_volumen": null,
    "cantidad_minima_volumen": null,
    "pronto_a_vencer": false,
    "stock": 0,
    "lugar_stock": "",
    "activo": true,
    "destacado": false,
    "edad_min": null,
    "edad_max": null,
    "creado": "2026-06-16T04:10:08.945Z",
    "actualizado": "2026-06-16T04:10:08.945Z"
  }
},
{
  "model": "miprimerapp.producto",
  "pk": 71,
  "fields": {
    "categoria": 5,
    "nombre": "Hilo curaprox",
    "marca": "Curaprox",
    "descripcion": "",
    "precio": 4600,
    "costo": 3600,
    "precio_b2d": 4320,
    "precio_pack": null,
    "unidades_pack": null,
    "lote": "sin_lote",
    "fecha_vencimiento": null,
    "imagen": "",
    "precio_volumen": null,
    "cantidad_minima_volumen": null,
    "pronto_a_vencer": false,
    "stock": 0,
    "lugar_stock": "",
    "activo": true,
    "destacado": false,
    "edad_min": null,
    "edad_max": null,
    "creado": "2026-06-16T04:10:08.949Z",
    "actualizado": "2026-06-16T04:10:08.949Z"
  }
},
{
  "model": "miprimerapp.producto",
  "pk": 72,
  "fields": {
    "categoria": 5,
    "nombre": "Hilo dental CARISTOP",
    "marca": "Caristop",
    "descripcion": "",
    "precio": 3000,
    "costo": 2177,
    "precio_b2d": 2612,
    "precio_pack": null,
    "unidades_pack": null,
    "lote": "sin_lote",
    "fecha_vencimiento": null,
    "imagen": "",
    "precio_volumen": null,
    "cantidad_minima_volumen": null,
    "pronto_a_vencer": false,
    "stock": 0,
    "lugar_stock": "",
    "activo": true,
    "destacado": false,
    "edad_min": null,
    "edad_max": null,
    "creado": "2026-06-16T04:10:08.953Z",
    "actualizado": "2026-06-16T04:10:08.953Z"
  }
},
{
  "model": "miprimerapp.producto",
  "pk": 73,
  "fields": {
    "categoria": 5,
    "nombre": "HILO DENTAL ECO KIDS X 36 UND DENTWELL",
    "marca": "Dentwell",
    "descripcion": "",
    "precio": 3000,
    "costo": 1726,
    "precio_b2d": 2071,
    "precio_pack": null,
    "unidades_pack": null,
    "lote": "sin_lote",
    "fecha_vencimiento": null,
    "imagen": "",
    "precio_volumen": null,
    "cantidad_minima_volumen": null,
    "pronto_a_vencer": false,
    "stock": 0,
    "lugar_stock": "",
    "activo": true,
    "destacado": false,
    "edad_min": null,
    "edad_max": null,
    "creado": "2026-06-16T04:10:08.957Z",
    "actualizado": "2026-06-16T04:10:08.957Z"
  }
},
{
  "model": "miprimerapp.producto",
  "pk": 74,
  "fields": {
    "categoria": 5,
    "nombre": "HILO DENTAL FRESHUP APLICADOR DESECHABLE X 30 UND",
    "marca": "",
    "descripcion": "",
    "precio": 3000,
    "costo": 1868,
    "precio_b2d": 2242,
    "precio_pack": null,
    "unidades_pack": null,
    "lote": "sin_lote",
    "fecha_vencimiento": null,
    "imagen": "",
    "precio_volumen": null,
    "cantidad_minima_volumen": null,
    "pronto_a_vencer": false,
    "stock": 7,
    "lugar_stock": "",
    "activo": true,
    "destacado": false,
    "edad_min": null,
    "edad_max": null,
    "creado": "2026-06-16T04:10:08.961Z",
    "actualizado": "2026-06-22T20:29:44.835Z"
  }
},
{
  "model": "miprimerapp.producto",
  "pk": 75,
  "fields": {
    "categoria": 5,
    "nombre": "HILO DENTAL INFANTIL X 36 UND DENTWELL",
    "marca": "Dentwell",
    "descripcion": "",
    "precio": 3000,
    "costo": 1592,
    "precio_b2d": 1910,
    "precio_pack": null,
    "unidades_pack": null,
    "lote": "sin_lote",
    "fecha_vencimiento": null,
    "imagen": "",
    "precio_volumen": null,
    "cantidad_minima_volumen": null,
    "pronto_a_vencer": false,
    "stock": 0,
    "lugar_stock": "",
    "activo": true,
    "destacado": false,
    "edad_min": null,
    "edad_max": null,
    "creado": "2026-06-16T04:10:08.965Z",
    "actualizado": "2026-06-16T04:10:08.965Z"
  }
},
{
  "model": "miprimerapp.producto",
  "pk": 76,
  "fields": {
    "categoria": 5,
    "nombre": "HILO DENTAL PHB FLOSSER APLIC SEDA X 30",
    "marca": "PHB",
    "descripcion": "",
    "precio": 4000,
    "costo": 2715,
    "precio_b2d": 3258,
    "precio_pack": null,
    "unidades_pack": null,
    "lote": "sin_lote",
    "fecha_vencimiento": null,
    "imagen": "",
    "precio_volumen": null,
    "cantidad_minima_volumen": null,
    "pronto_a_vencer": false,
    "stock": 0,
    "lugar_stock": "",
    "activo": true,
    "destacado": false,
    "edad_min": null,
    "edad_max": null,
    "creado": "2026-06-16T04:10:08.968Z",
    "actualizado": "2026-06-16T04:10:08.968Z"
  }
},
{
  "model": "miprimerapp.producto",
  "pk": 77,
  "fields": {
    "categoria": 5,
    "nombre": "Hilo Dental VAI Maiz",
    "marca": "",
    "descripcion": "",
    "precio": 4650,
    "costo": 2724,
    "precio_b2d": 3269,
    "precio_pack": null,
    "unidades_pack": null,
    "lote": "sin_lote",
    "fecha_vencimiento": null,
    "imagen": "",
    "precio_volumen": null,
    "cantidad_minima_volumen": null,
    "pronto_a_vencer": false,
    "stock": 3,
    "lugar_stock": "",
    "activo": true,
    "destacado": false,
    "edad_min": null,
    "edad_max": null,
    "creado": "2026-06-16T04:10:08.973Z",
    "actualizado": "2026-06-22T20:38:12.492Z"
  }
},
{
  "model": "miprimerapp.producto",
  "pk": 78,
  "fields": {
    "categoria": 5,
    "nombre": "Hilo Dental VAI Maiz Refill",
    "marca": "",
    "descripcion": "",
    "precio": 3990,
    "costo": 2173,
    "precio_b2d": 2608,
    "precio_pack": null,
    "unidades_pack": null,
    "lote": "sin_lote",
    "fecha_vencimiento": null,
    "imagen": "",
    "precio_volumen": null,
    "cantidad_minima_volumen": null,
    "pronto_a_vencer": false,
    "stock": 3,
    "lugar_stock": "",
    "activo": true,
    "destacado": false,
    "edad_min": null,
    "edad_max": null,
    "creado": "2026-06-16T04:10:08.976Z",
    "actualizado": "2026-06-22T22:52:06.266Z"
  }
},
{
  "model": "miprimerapp.producto",
  "pk": 79,
  "fields": {
    "categoria": 5,
    "nombre": "HILO DENTAL VITIS CINTA C/FLU-MTA",
    "marca": "VITIS",
    "descripcion": "",
    "precio": 4000,
    "costo": 2574,
    "precio_b2d": 3089,
    "precio_pack": null,
    "unidades_pack": null,
    "lote": "sin_lote",
    "fecha_vencimiento": null,
    "imagen": "",
    "precio_volumen": null,
    "cantidad_minima_volumen": null,
    "pronto_a_vencer": false,
    "stock": 0,
    "lugar_stock": "",
    "activo": true,
    "destacado": false,
    "edad_min": null,
    "edad_max": null,
    "creado": "2026-06-16T04:10:08.980Z",
    "actualizado": "2026-06-16T04:10:08.980Z"
  }
},
{
  "model": "miprimerapp.producto",
  "pk": 80,
  "fields": {
    "categoria": 5,
    "nombre": "HILO DENTAL VITIS SEDA FLUOR/MENTA 50",
    "marca": "VITIS",
    "descripcion": "",
    "precio": 4000,
    "costo": 2574,
    "precio_b2d": 3089,
    "precio_pack": null,
    "unidades_pack": null,
    "lote": "sin_lote",
    "fecha_vencimiento": null,
    "imagen": "",
    "precio_volumen": null,
    "cantidad_minima_volumen": null,
    "pronto_a_vencer": false,
    "stock": 0,
    "lugar_stock": "",
    "activo": true,
    "destacado": false,
    "edad_min": null,
    "edad_max": null,
    "creado": "2026-06-16T04:10:08.984Z",
    "actualizado": "2026-06-16T04:10:08.984Z"
  }
},
{
  "model": "miprimerapp.producto",
  "pk": 81,
  "fields": {
    "categoria": 2,
    "nombre": "IRRIGADOR  C10 ULTRASONICO USMILE",
    "marca": "USMILE",
    "descripcion": "",
    "precio": 75000,
    "costo": 62395,
    "precio_b2d": 74874,
    "precio_pack": null,
    "unidades_pack": null,
    "lote": "sin_lote",
    "fecha_vencimiento": null,
    "imagen": "",
    "precio_volumen": null,
    "cantidad_minima_volumen": null,
    "pronto_a_vencer": false,
    "stock": 0,
    "lugar_stock": "",
    "activo": true,
    "destacado": false,
    "edad_min": null,
    "edad_max": null,
    "creado": "2026-06-16T04:10:08.988Z",
    "actualizado": "2026-06-16T04:10:08.988Z"
  }
},
{
  "model": "miprimerapp.producto",
  "pk": 82,
  "fields": {
    "categoria": 12,
    "nombre": "Limpiador Lingual HALITA",
    "marca": "Halita",
    "descripcion": "",
    "precio": 3600,
    "costo": 2296,
    "precio_b2d": 2755,
    "precio_pack": null,
    "unidades_pack": null,
    "lote": "sin_lote",
    "fecha_vencimiento": null,
    "imagen": "",
    "precio_volumen": null,
    "cantidad_minima_volumen": null,
    "pronto_a_vencer": false,
    "stock": 0,
    "lugar_stock": "",
    "activo": true,
    "destacado": false,
    "edad_min": null,
    "edad_max": null,
    "creado": "2026-06-16T04:10:08.992Z",
    "actualizado": "2026-06-16T04:10:08.992Z"
  }
},
{
  "model": "miprimerapp.producto",
  "pk": 83,
  "fields": {
    "categoria": 10,
    "nombre": "PASTA ORALDENT JUNIOR 100 GR",
    "marca": "",
    "descripcion": "",
    "precio": 3000,
    "costo": 1790,
    "precio_b2d": 2148,
    "precio_pack": null,
    "unidades_pack": null,
    "lote": "sin_lote",
    "fecha_vencimiento": null,
    "imagen": "",
    "precio_volumen": null,
    "cantidad_minima_volumen": null,
    "pronto_a_vencer": false,
    "stock": 0,
    "lugar_stock": "",
    "activo": true,
    "destacado": false,
    "edad_min": null,
    "edad_max": null,
    "creado": "2026-06-16T04:10:08.996Z",
    "actualizado": "2026-06-16T04:10:08.996Z"
  }
},
{
  "model": "miprimerapp.producto",
  "pk": 84,
  "fields": {
    "categoria": 9,
    "nombre": "PASTA ORALDENT WHITE 80 GR",
    "marca": "",
    "descripcion": "",
    "precio": 4500,
    "costo": 2760,
    "precio_b2d": 3312,
    "precio_pack": null,
    "unidades_pack": null,
    "lote": "sin_lote",
    "fecha_vencimiento": null,
    "imagen": "",
    "precio_volumen": null,
    "cantidad_minima_volumen": null,
    "pronto_a_vencer": false,
    "stock": 0,
    "lugar_stock": "",
    "activo": true,
    "destacado": false,
    "edad_min": null,
    "edad_max": null,
    "creado": "2026-06-16T04:10:09.000Z",
    "actualizado": "2026-06-16T04:10:09.000Z"
  }
},
{
  "model": "miprimerapp.producto",
  "pk": 85,
  "fields": {
    "categoria": 3,
    "nombre": "Pack Cepillo VITIS® junior + gel 8ml",
    "marca": "VITIS",
    "descripcion": "",
    "precio": 3000,
    "costo": 1783,
    "precio_b2d": 2140,
    "precio_pack": null,
    "unidades_pack": null,
    "lote": "sin_lote",
    "fecha_vencimiento": null,
    "imagen": "productos/VITIS_JUNIOR_CEPILLO_AZUL_cCRkBtV.jpg",
    "precio_volumen": 2625,
    "cantidad_minima_volumen": 4,
    "pronto_a_vencer": false,
    "stock": 0,
    "lugar_stock": "",
    "activo": true,
    "destacado": false,
    "edad_min": null,
    "edad_max": null,
    "creado": "2026-06-16T04:10:09.004Z",
    "actualizado": "2026-06-22T20:58:07.277Z"
  }
},
{
  "model": "miprimerapp.producto",
  "pk": 86,
  "fields": {
    "categoria": 3,
    "nombre": "Pack Cepillo VITIS® kids + gel 8ml",
    "marca": "VITIS",
    "descripcion": "",
    "precio": 3000,
    "costo": 1783,
    "precio_b2d": 2140,
    "precio_pack": null,
    "unidades_pack": null,
    "lote": "sin_lote",
    "fecha_vencimiento": null,
    "imagen": "productos/VITIS_KIDS_CEPILLO_NARANJO_OwTb5Yp.jpg",
    "precio_volumen": 2625,
    "cantidad_minima_volumen": 4,
    "pronto_a_vencer": false,
    "stock": 0,
    "lugar_stock": "",
    "activo": true,
    "destacado": false,
    "edad_min": null,
    "edad_max": null,
    "creado": "2026-06-16T04:10:09.008Z",
    "actualizado": "2026-06-22T20:56:13.400Z"
  }
},
{
  "model": "miprimerapp.producto",
  "pk": 87,
  "fields": {
    "categoria": 8,
    "nombre": "Pack Cepillo VITIS® sensible + pasta sensible 15ml",
    "marca": "VITIS",
    "descripcion": "",
    "precio": 3000,
    "costo": 1783,
    "precio_b2d": 2140,
    "precio_pack": null,
    "unidades_pack": null,
    "lote": "sin_lote",
    "fecha_vencimiento": null,
    "imagen": "",
    "precio_volumen": 2625,
    "cantidad_minima_volumen": 4,
    "pronto_a_vencer": false,
    "stock": 0,
    "lugar_stock": "",
    "activo": true,
    "destacado": false,
    "edad_min": null,
    "edad_max": null,
    "creado": "2026-06-16T04:10:09.012Z",
    "actualizado": "2026-06-16T04:10:09.012Z"
  }
},
{
  "model": "miprimerapp.producto",
  "pk": 88,
  "fields": {
    "categoria": 8,
    "nombre": "Pack Cepillo VITIS® suave + pasta encias 15ml",
    "marca": "VITIS",
    "descripcion": "",
    "precio": 3000,
    "costo": 1783,
    "precio_b2d": 2140,
    "precio_pack": null,
    "unidades_pack": null,
    "lote": "sin_lote",
    "fecha_vencimiento": null,
    "imagen": "",
    "precio_volumen": 2500,
    "cantidad_minima_volumen": 4,
    "pronto_a_vencer": false,
    "stock": 0,
    "lugar_stock": "",
    "activo": true,
    "destacado": false,
    "edad_min": null,
    "edad_max": null,
    "creado": "2026-06-16T04:10:09.016Z",
    "actualizado": "2026-06-16T04:10:09.016Z"
  }
},
{
  "model": "miprimerapp.producto",
  "pk": 89,
  "fields": {
    "categoria": 9,
    "nombre": "PASTA BEYOU X 10 ML",
    "marca": "",
    "descripcion": "",
    "precio": 3000,
    "costo": 1693,
    "precio_b2d": 2032,
    "precio_pack": null,
    "unidades_pack": null,
    "lote": "sin_lote",
    "fecha_vencimiento": null,
    "imagen": "",
    "precio_volumen": null,
    "cantidad_minima_volumen": null,
    "pronto_a_vencer": false,
    "stock": 0,
    "lugar_stock": "",
    "activo": true,
    "destacado": false,
    "edad_min": null,
    "edad_max": null,
    "creado": "2026-06-16T04:10:09.020Z",
    "actualizado": "2026-06-16T04:10:09.020Z"
  }
},
{
  "model": "miprimerapp.producto",
  "pk": 90,
  "fields": {
    "categoria": 9,
    "nombre": "Pasta CARISTOP 5000 51 gr",
    "marca": "Caristop",
    "descripcion": "",
    "precio": 8990,
    "costo": 6300,
    "precio_b2d": 7560,
    "precio_pack": null,
    "unidades_pack": null,
    "lote": "sin_lote",
    "fecha_vencimiento": null,
    "imagen": "",
    "precio_volumen": null,
    "cantidad_minima_volumen": null,
    "pronto_a_vencer": false,
    "stock": 0,
    "lugar_stock": "",
    "activo": true,
    "destacado": false,
    "edad_min": null,
    "edad_max": null,
    "creado": "2026-06-16T04:10:09.023Z",
    "actualizado": "2026-06-16T04:10:09.023Z"
  }
},
{
  "model": "miprimerapp.producto",
  "pk": 91,
  "fields": {
    "categoria": 9,
    "nombre": "PASTA COLGATE PERIOGARD X 90 GR",
    "marca": "Colgate",
    "descripcion": "",
    "precio": 5000,
    "costo": 3723,
    "precio_b2d": 4468,
    "precio_pack": null,
    "unidades_pack": null,
    "lote": "sin_lote",
    "fecha_vencimiento": null,
    "imagen": "",
    "precio_volumen": null,
    "cantidad_minima_volumen": null,
    "pronto_a_vencer": false,
    "stock": 0,
    "lugar_stock": "",
    "activo": true,
    "destacado": false,
    "edad_min": null,
    "edad_max": null,
    "creado": "2026-06-16T04:10:09.027Z",
    "actualizado": "2026-06-16T04:10:09.027Z"
  }
},
{
  "model": "miprimerapp.producto",
  "pk": 92,
  "fields": {
    "categoria": 10,
    "nombre": "PASTA ELMEX CREM DENTAL ANTICARIES PROFES X 110 GR",
    "marca": "elmex",
    "descripcion": "",
    "precio": 5500,
    "costo": 4380,
    "precio_b2d": 5256,
    "precio_pack": null,
    "unidades_pack": null,
    "lote": "sin_lote",
    "fecha_vencimiento": null,
    "imagen": "productos/PAST_ELMEX_ANTICARIES_0wdPe05.jpg",
    "precio_volumen": null,
    "cantidad_minima_volumen": null,
    "pronto_a_vencer": false,
    "stock": 0,
    "lugar_stock": "",
    "activo": true,
    "destacado": false,
    "edad_min": null,
    "edad_max": null,
    "creado": "2026-06-16T04:10:09.031Z",
    "actualizado": "2026-06-22T21:12:43.964Z"
  }
},
{
  "model": "miprimerapp.producto",
  "pk": 93,
  "fields": {
    "categoria": 9,
    "nombre": "PASTA ELMEX SENSITIVE PROFESSIONAL WHITNNG X 110 GR",
    "marca": "elmex",
    "descripcion": "",
    "precio": 5500,
    "costo": 3135,
    "precio_b2d": 3762,
    "precio_pack": null,
    "unidades_pack": null,
    "lote": "sin_lote",
    "fecha_vencimiento": null,
    "imagen": "productos/PASTA_ELMEX_SENSITIVE_WHITENING_tVVR6mA.jpg",
    "precio_volumen": null,
    "cantidad_minima_volumen": null,
    "pronto_a_vencer": false,
    "stock": 4,
    "lugar_stock": "",
    "activo": true,
    "destacado": false,
    "edad_min": null,
    "edad_max": null,
    "creado": "2026-06-16T04:10:09.035Z",
    "actualizado": "2026-06-24T17:25:22.162Z"
  }
},
{
  "model": "miprimerapp.producto",
  "pk": 94,
  "fields": {
    "categoria": 9,
    "nombre": "PASTA ELMEX SENSITIVE X 110 GR",
    "marca": "elmex",
    "descripcion": "",
    "precio": 5000,
    "costo": 3439,
    "precio_b2d": 4127,
    "precio_pack": null,
    "unidades_pack": null,
    "lote": "sin_lote",
    "fecha_vencimiento": null,
    "imagen": "productos/PASTA_ELMEX_SENSITIVE_yPxapGn.jpg",
    "precio_volumen": null,
    "cantidad_minima_volumen": null,
    "pronto_a_vencer": false,
    "stock": 13,
    "lugar_stock": "",
    "activo": true,
    "destacado": false,
    "edad_min": null,
    "edad_max": null,
    "creado": "2026-06-16T04:10:09.039Z",
    "actualizado": "2026-06-25T00:12:16.777Z"
  }
},
{
  "model": "miprimerapp.producto",
  "pk": 95,
  "fields": {
    "categoria": 9,
    "nombre": "PASTA ELMEX SENSITIVE X30 ML",
    "marca": "elmex",
    "descripcion": "",
    "precio": 1000,
    "costo": 0,
    "precio_b2d": null,
    "precio_pack": null,
    "unidades_pack": null,
    "lote": "sin_lote",
    "fecha_vencimiento": null,
    "imagen": "productos/PASTA_ELMEX_SENSITIVE_30G_ZvOc4dP.jpg",
    "precio_volumen": null,
    "cantidad_minima_volumen": null,
    "pronto_a_vencer": false,
    "stock": 30,
    "lugar_stock": "",
    "activo": true,
    "destacado": false,
    "edad_min": null,
    "edad_max": null,
    "creado": "2026-06-16T04:10:09.043Z",
    "actualizado": "2026-06-22T21:29:02.184Z"
  }
},
{
  "model": "miprimerapp.producto",
  "pk": 96,
  "fields": {
    "categoria": 9,
    "nombre": "Pasta Periogard 30gr viaje",
    "marca": "",
    "descripcion": "",
    "precio": 1000,
    "costo": 1,
    "precio_b2d": 1,
    "precio_pack": null,
    "unidades_pack": null,
    "lote": "sin_lote",
    "fecha_vencimiento": null,
    "imagen": "",
    "precio_volumen": null,
    "cantidad_minima_volumen": null,
    "pronto_a_vencer": false,
    "stock": 0,
    "lugar_stock": "",
    "activo": true,
    "destacado": false,
    "edad_min": null,
    "edad_max": null,
    "creado": "2026-06-16T04:10:09.047Z",
    "actualizado": "2026-06-16T04:10:09.047Z"
  }
},
{
  "model": "miprimerapp.producto",
  "pk": 97,
  "fields": {
    "categoria": 9,
    "nombre": "PASTA PHB TOTAL CARE X 75 ML",
    "marca": "PHB",
    "descripcion": "",
    "precio": 4500,
    "costo": 2988,
    "precio_b2d": 3586,
    "precio_pack": null,
    "unidades_pack": null,
    "lote": "sin_lote",
    "fecha_vencimiento": null,
    "imagen": "",
    "precio_volumen": null,
    "cantidad_minima_volumen": null,
    "pronto_a_vencer": false,
    "stock": 0,
    "lugar_stock": "",
    "activo": true,
    "destacado": false,
    "edad_min": null,
    "edad_max": null,
    "creado": "2026-06-16T04:10:09.052Z",
    "actualizado": "2026-06-16T04:10:09.052Z"
  }
},
{
  "model": "miprimerapp.producto",
  "pk": 98,
  "fields": {
    "categoria": 9,
    "nombre": "PASTA PHB WHITE X 75 ML",
    "marca": "PHB",
    "descripcion": "",
    "precio": 4500,
    "costo": 2988,
    "precio_b2d": 3586,
    "precio_pack": null,
    "unidades_pack": null,
    "lote": "sin_lote",
    "fecha_vencimiento": null,
    "imagen": "",
    "precio_volumen": null,
    "cantidad_minima_volumen": null,
    "pronto_a_vencer": false,
    "stock": 0,
    "lugar_stock": "",
    "activo": true,
    "destacado": false,
    "edad_min": null,
    "edad_max": null,
    "creado": "2026-06-16T04:10:09.056Z",
    "actualizado": "2026-06-16T04:10:09.056Z"
  }
},
{
  "model": "miprimerapp.producto",
  "pk": 99,
  "fields": {
    "categoria": 9,
    "nombre": "Pasta VAI Canela 80 gr",
    "marca": "",
    "descripcion": "",
    "precio": 7650,
    "costo": 5060,
    "precio_b2d": 6072,
    "precio_pack": null,
    "unidades_pack": null,
    "lote": "sin_lote",
    "fecha_vencimiento": null,
    "imagen": "",
    "precio_volumen": null,
    "cantidad_minima_volumen": null,
    "pronto_a_vencer": false,
    "stock": 0,
    "lugar_stock": "",
    "activo": true,
    "destacado": false,
    "edad_min": null,
    "edad_max": null,
    "creado": "2026-06-16T04:10:09.061Z",
    "actualizado": "2026-06-16T04:10:09.061Z"
  }
},
{
  "model": "miprimerapp.producto",
  "pk": 100,
  "fields": {
    "categoria": 9,
    "nombre": "Pasta VAI Manzanilla-Salvia 80 gr",
    "marca": "",
    "descripcion": "",
    "precio": 7650,
    "costo": 5060,
    "precio_b2d": 6072,
    "precio_pack": null,
    "unidades_pack": null,
    "lote": "sin_lote",
    "fecha_vencimiento": null,
    "imagen": "",
    "precio_volumen": null,
    "cantidad_minima_volumen": null,
    "pronto_a_vencer": false,
    "stock": 0,
    "lugar_stock": "",
    "activo": true,
    "destacado": false,
    "edad_min": null,
    "edad_max": null,
    "creado": "2026-06-16T04:10:09.065Z",
    "actualizado": "2026-06-16T04:10:09.065Z"
  }
},
{
  "model": "miprimerapp.producto",
  "pk": 101,
  "fields": {
    "categoria": 9,
    "nombre": "PASTA VITIS ALOE VERA X 100 GR",
    "marca": "VITIS",
    "descripcion": "",
    "precio": 4000,
    "costo": 2909,
    "precio_b2d": 3491,
    "precio_pack": null,
    "unidades_pack": null,
    "lote": "sin_lote",
    "fecha_vencimiento": null,
    "imagen": "",
    "precio_volumen": null,
    "cantidad_minima_volumen": null,
    "pronto_a_vencer": false,
    "stock": 0,
    "lugar_stock": "",
    "activo": true,
    "destacado": false,
    "edad_min": null,
    "edad_max": null,
    "creado": "2026-06-16T04:10:09.069Z",
    "actualizado": "2026-06-16T04:10:09.069Z"
  }
},
{
  "model": "miprimerapp.producto",
  "pk": 102,
  "fields": {
    "categoria": 10,
    "nombre": "PASTA VITIS ANTICARIES X 100 ML",
    "marca": "VITIS",
    "descripcion": "",
    "precio": 5500,
    "costo": 4175,
    "precio_b2d": 5010,
    "precio_pack": null,
    "unidades_pack": null,
    "lote": "sin_lote",
    "fecha_vencimiento": null,
    "imagen": "",
    "precio_volumen": null,
    "cantidad_minima_volumen": null,
    "pronto_a_vencer": false,
    "stock": 0,
    "lugar_stock": "",
    "activo": true,
    "destacado": false,
    "edad_min": null,
    "edad_max": null,
    "creado": "2026-06-16T04:10:09.073Z",
    "actualizado": "2026-06-16T04:10:09.073Z"
  }
},
{
  "model": "miprimerapp.producto",
  "pk": 103,
  "fields": {
    "categoria": 9,
    "nombre": "PASTA VITIS BLANQUEA X 100 ML",
    "marca": "VITIS",
    "descripcion": "",
    "precio": 5500,
    "costo": 4161,
    "precio_b2d": 4993,
    "precio_pack": null,
    "unidades_pack": null,
    "lote": "sin_lote",
    "fecha_vencimiento": null,
    "imagen": "",
    "precio_volumen": null,
    "cantidad_minima_volumen": null,
    "pronto_a_vencer": false,
    "stock": 0,
    "lugar_stock": "",
    "activo": true,
    "destacado": false,
    "edad_min": null,
    "edad_max": null,
    "creado": "2026-06-16T04:10:09.079Z",
    "actualizado": "2026-06-16T04:10:09.079Z"
  }
},
{
  "model": "miprimerapp.producto",
  "pk": 104,
  "fields": {
    "categoria": 10,
    "nombre": "PASTA VITIS CPC PROTECT SABOR MENTA X 100 ML",
    "marca": "VITIS",
    "descripcion": "",
    "precio": 5000,
    "costo": 3738,
    "precio_b2d": 4486,
    "precio_pack": null,
    "unidades_pack": null,
    "lote": "sin_lote",
    "fecha_vencimiento": null,
    "imagen": "",
    "precio_volumen": null,
    "cantidad_minima_volumen": null,
    "pronto_a_vencer": false,
    "stock": 0,
    "lugar_stock": "",
    "activo": true,
    "destacado": false,
    "edad_min": null,
    "edad_max": null,
    "creado": "2026-06-16T04:10:09.084Z",
    "actualizado": "2026-06-16T04:10:09.084Z"
  }
},
{
  "model": "miprimerapp.producto",
  "pk": 105,
  "fields": {
    "categoria": 9,
    "nombre": "PASTA VITIS ENCIAS X 100 ML",
    "marca": "VITIS",
    "descripcion": "",
    "precio": 5500,
    "costo": 3806,
    "precio_b2d": 4567,
    "precio_pack": null,
    "unidades_pack": null,
    "lote": "sin_lote",
    "fecha_vencimiento": null,
    "imagen": "",
    "precio_volumen": null,
    "cantidad_minima_volumen": null,
    "pronto_a_vencer": false,
    "stock": 0,
    "lugar_stock": "",
    "activo": true,
    "destacado": false,
    "edad_min": null,
    "edad_max": null,
    "creado": "2026-06-16T04:10:09.090Z",
    "actualizado": "2026-06-16T04:10:09.090Z"
  }
},
{
  "model": "miprimerapp.producto",
  "pk": 106,
  "fields": {
    "categoria": 9,
    "nombre": "PASTA VITIS ENCIAS X 15 ML",
    "marca": "VITIS",
    "descripcion": "",
    "precio": 1000,
    "costo": 350,
    "precio_b2d": 420,
    "precio_pack": null,
    "unidades_pack": null,
    "lote": "sin_lote",
    "fecha_vencimiento": null,
    "imagen": "",
    "precio_volumen": null,
    "cantidad_minima_volumen": null,
    "pronto_a_vencer": false,
    "stock": 0,
    "lugar_stock": "",
    "activo": true,
    "destacado": false,
    "edad_min": null,
    "edad_max": null,
    "creado": "2026-06-16T04:10:09.095Z",
    "actualizado": "2026-06-16T04:10:09.095Z"
  }
},
{
  "model": "miprimerapp.producto",
  "pk": 107,
  "fields": {
    "categoria": 10,
    "nombre": "PASTA VITIS GEL JUNIOR X 75 ML",
    "marca": "VITIS",
    "descripcion": "",
    "precio": 4500,
    "costo": 3116,
    "precio_b2d": 3739,
    "precio_pack": null,
    "unidades_pack": null,
    "lote": "sin_lote",
    "fecha_vencimiento": null,
    "imagen": "",
    "precio_volumen": null,
    "cantidad_minima_volumen": null,
    "pronto_a_vencer": false,
    "stock": 0,
    "lugar_stock": "",
    "activo": true,
    "destacado": false,
    "edad_min": null,
    "edad_max": null,
    "creado": "2026-06-16T04:10:09.100Z",
    "actualizado": "2026-06-16T04:10:09.100Z"
  }
},
{
  "model": "miprimerapp.producto",
  "pk": 108,
  "fields": {
    "categoria": 3,
    "nombre": "PASTA VITIS KIDS X 50 ML",
    "marca": "VITIS",
    "descripcion": "",
    "precio": 4000,
    "costo": 2691,
    "precio_b2d": 3229,
    "precio_pack": null,
    "unidades_pack": null,
    "lote": "sin_lote",
    "fecha_vencimiento": null,
    "imagen": "productos/Pasta_vitis_kids_dentaid_XKp15vC.jpg",
    "precio_volumen": null,
    "cantidad_minima_volumen": null,
    "pronto_a_vencer": false,
    "stock": 0,
    "lugar_stock": "",
    "activo": true,
    "destacado": false,
    "edad_min": null,
    "edad_max": null,
    "creado": "2026-06-16T04:10:09.105Z",
    "actualizado": "2026-06-22T20:56:26.243Z"
  }
},
{
  "model": "miprimerapp.producto",
  "pk": 109,
  "fields": {
    "categoria": 10,
    "nombre": "PASTA VITIS ORTHODON X 100 ML",
    "marca": "VITIS",
    "descripcion": "",
    "precio": 5500,
    "costo": 3777,
    "precio_b2d": 4532,
    "precio_pack": null,
    "unidades_pack": null,
    "lote": "sin_lote",
    "fecha_vencimiento": null,
    "imagen": "",
    "precio_volumen": null,
    "cantidad_minima_volumen": null,
    "pronto_a_vencer": false,
    "stock": 0,
    "lugar_stock": "",
    "activo": true,
    "destacado": false,
    "edad_min": null,
    "edad_max": null,
    "creado": "2026-06-16T04:10:09.110Z",
    "actualizado": "2026-06-16T04:10:09.110Z"
  }
},
{
  "model": "miprimerapp.producto",
  "pk": 110,
  "fields": {
    "categoria": 10,
    "nombre": "PASTA VITIS ORTHODONTIC X 15 ML",
    "marca": "VITIS",
    "descripcion": "",
    "precio": 1000,
    "costo": 350,
    "precio_b2d": 420,
    "precio_pack": null,
    "unidades_pack": null,
    "lote": "sin_lote",
    "fecha_vencimiento": null,
    "imagen": "",
    "precio_volumen": 500,
    "cantidad_minima_volumen": 4,
    "pronto_a_vencer": false,
    "stock": 0,
    "lugar_stock": "",
    "activo": true,
    "destacado": false,
    "edad_min": null,
    "edad_max": null,
    "creado": "2026-06-16T04:10:09.115Z",
    "actualizado": "2026-06-16T04:10:09.115Z"
  }
},
{
  "model": "miprimerapp.producto",
  "pk": 111,
  "fields": {
    "categoria": 9,
    "nombre": "PASTA VITIS SENSIBLE X 15 ML",
    "marca": "VITIS",
    "descripcion": "",
    "precio": 1000,
    "costo": 350,
    "precio_b2d": 420,
    "precio_pack": null,
    "unidades_pack": null,
    "lote": "sin_lote",
    "fecha_vencimiento": null,
    "imagen": "",
    "precio_volumen": null,
    "cantidad_minima_volumen": null,
    "pronto_a_vencer": false,
    "stock": 0,
    "lugar_stock": "",
    "activo": true,
    "destacado": false,
    "edad_min": null,
    "edad_max": null,
    "creado": "2026-06-16T04:10:09.120Z",
    "actualizado": "2026-06-16T04:10:09.120Z"
  }
},
{
  "model": "miprimerapp.producto",
  "pk": 112,
  "fields": {
    "categoria": 9,
    "nombre": "PASTA VITIS SENSIBLE X 100 ML",
    "marca": "VITIS",
    "descripcion": "",
    "precio": 5500,
    "costo": 4167,
    "precio_b2d": 5000,
    "precio_pack": null,
    "unidades_pack": null,
    "lote": "sin_lote",
    "fecha_vencimiento": null,
    "imagen": "",
    "precio_volumen": null,
    "cantidad_minima_volumen": null,
    "pronto_a_vencer": false,
    "stock": 0,
    "lugar_stock": "",
    "activo": true,
    "destacado": false,
    "edad_min": null,
    "edad_max": null,
    "creado": "2026-06-16T04:10:09.125Z",
    "actualizado": "2026-06-16T04:10:09.125Z"
  }
},
{
  "model": "miprimerapp.producto",
  "pk": 113,
  "fields": {
    "categoria": 9,
    "nombre": "Pasta Xeros Dentaid® 75 ml",
    "marca": "Xeros",
    "descripcion": "",
    "precio": 7000,
    "costo": 3626,
    "precio_b2d": 4351,
    "precio_pack": null,
    "unidades_pack": null,
    "lote": "sin_lote",
    "fecha_vencimiento": null,
    "imagen": "",
    "precio_volumen": null,
    "cantidad_minima_volumen": null,
    "pronto_a_vencer": false,
    "stock": 0,
    "lugar_stock": "",
    "activo": true,
    "destacado": false,
    "edad_min": null,
    "edad_max": null,
    "creado": "2026-06-16T04:10:09.130Z",
    "actualizado": "2026-06-24T03:30:10.720Z"
  }
},
{
  "model": "miprimerapp.producto",
  "pk": 114,
  "fields": {
    "categoria": 5,
    "nombre": "RECAMBIOCPS 0.6 REFILL X 8 AZUL",
    "marca": "",
    "descripcion": "",
    "precio": 8000,
    "costo": 6907,
    "precio_b2d": 8288,
    "precio_pack": null,
    "unidades_pack": null,
    "lote": "sin_lote",
    "fecha_vencimiento": null,
    "imagen": "",
    "precio_volumen": null,
    "cantidad_minima_volumen": null,
    "pronto_a_vencer": false,
    "stock": 0,
    "lugar_stock": "",
    "activo": true,
    "destacado": false,
    "edad_min": null,
    "edad_max": null,
    "creado": "2026-06-16T04:10:09.134Z",
    "actualizado": "2026-06-16T04:10:09.134Z"
  }
},
{
  "model": "miprimerapp.producto",
  "pk": 115,
  "fields": {
    "categoria": 3,
    "nombre": "Revelador de Placa CARISTOP 10 ml",
    "marca": "Caristop",
    "descripcion": "",
    "precio": 5000,
    "costo": 3600,
    "precio_b2d": 4320,
    "precio_pack": null,
    "unidades_pack": null,
    "lote": "sin_lote",
    "fecha_vencimiento": null,
    "imagen": "",
    "precio_volumen": null,
    "cantidad_minima_volumen": null,
    "pronto_a_vencer": false,
    "stock": 0,
    "lugar_stock": "",
    "activo": true,
    "destacado": false,
    "edad_min": null,
    "edad_max": null,
    "creado": "2026-06-16T04:10:09.139Z",
    "actualizado": "2026-06-16T04:10:09.139Z"
  }
},
{
  "model": "miprimerapp.producto",
  "pk": 116,
  "fields": {
    "categoria": 8,
    "nombre": "Set de viaje Beyou Travel Set",
    "marca": "",
    "descripcion": "",
    "precio": 10000,
    "costo": 7331,
    "precio_b2d": 8797,
    "precio_pack": null,
    "unidades_pack": null,
    "lote": "sin_lote",
    "fecha_vencimiento": null,
    "imagen": "",
    "precio_volumen": null,
    "cantidad_minima_volumen": null,
    "pronto_a_vencer": false,
    "stock": 24,
    "lugar_stock": "",
    "activo": true,
    "destacado": false,
    "edad_min": null,
    "edad_max": null,
    "creado": "2026-06-16T04:10:09.144Z",
    "actualizado": "2026-06-22T20:47:28.850Z"
  }
},
{
  "model": "miprimerapp.producto",
  "pk": 117,
  "fields": {
    "categoria": 8,
    "nombre": "SPRAY BUCAL XEROS X 15 ML",
    "marca": "Xeros",
    "descripcion": "",
    "precio": 5500,
    "costo": 3782,
    "precio_b2d": 4538,
    "precio_pack": null,
    "unidades_pack": null,
    "lote": "sin_lote",
    "fecha_vencimiento": null,
    "imagen": "",
    "precio_volumen": null,
    "cantidad_minima_volumen": null,
    "pronto_a_vencer": false,
    "stock": 0,
    "lugar_stock": "",
    "activo": true,
    "destacado": false,
    "edad_min": null,
    "edad_max": null,
    "creado": "2026-06-16T04:10:09.149Z",
    "actualizado": "2026-06-16T04:10:09.149Z"
  }
},
{
  "model": "miprimerapp.producto",
  "pk": 118,
  "fields": {
    "categoria": 4,
    "nombre": "Tableta Limpiadora FRESH UP 30 unid",
    "marca": "Fresh Up",
    "descripcion": "",
    "precio": 6000,
    "costo": 4466,
    "precio_b2d": 5359,
    "precio_pack": null,
    "unidades_pack": null,
    "lote": "sin_lote",
    "fecha_vencimiento": null,
    "imagen": "",
    "precio_volumen": null,
    "cantidad_minima_volumen": null,
    "pronto_a_vencer": false,
    "stock": 6,
    "lugar_stock": "",
    "activo": true,
    "destacado": false,
    "edad_min": null,
    "edad_max": null,
    "creado": "2026-06-16T04:10:09.153Z",
    "actualizado": "2026-06-22T20:29:44.851Z"
  }
},
{
  "model": "miprimerapp.producto",
  "pk": 119,
  "fields": {
    "categoria": 8,
    "nombre": "Travel set be you  refill duo PACK 5460",
    "marca": "",
    "descripcion": "",
    "precio": 8500,
    "costo": 6236,
    "precio_b2d": 7483,
    "precio_pack": null,
    "unidades_pack": null,
    "lote": "sin_lote",
    "fecha_vencimiento": null,
    "imagen": "",
    "precio_volumen": null,
    "cantidad_minima_volumen": null,
    "pronto_a_vencer": false,
    "stock": 0,
    "lugar_stock": "",
    "activo": true,
    "destacado": false,
    "edad_min": null,
    "edad_max": null,
    "creado": "2026-06-16T04:10:09.158Z",
    "actualizado": "2026-06-16T04:10:09.158Z"
  }
},
{
  "model": "miprimerapp.producto",
  "pk": 120,
  "fields": {
    "categoria": 8,
    "nombre": "Capuchon colgate",
    "marca": "Colgate",
    "descripcion": "",
    "precio": 1000,
    "costo": 350,
    "precio_b2d": 420,
    "precio_pack": null,
    "unidades_pack": null,
    "lote": "sin_lote",
    "fecha_vencimiento": null,
    "imagen": "",
    "precio_volumen": null,
    "cantidad_minima_volumen": null,
    "pronto_a_vencer": false,
    "stock": 2,
    "lugar_stock": "",
    "activo": true,
    "destacado": false,
    "edad_min": null,
    "edad_max": null,
    "creado": "2026-06-16T04:10:09.163Z",
    "actualizado": "2026-06-22T22:05:14.070Z"
  }
},
{
  "model": "miprimerapp.producto",
  "pk": 121,
  "fields": {
    "categoria": 4,
    "nombre": "Superfloss Oral B",
    "marca": "",
    "descripcion": "",
    "precio": 6500,
    "costo": 5000,
    "precio_b2d": 6000,
    "precio_pack": null,
    "unidades_pack": null,
    "lote": "sin_lote",
    "fecha_vencimiento": null,
    "imagen": "",
    "precio_volumen": null,
    "cantidad_minima_volumen": null,
    "pronto_a_vencer": false,
    "stock": 0,
    "lugar_stock": "",
    "activo": true,
    "destacado": false,
    "edad_min": null,
    "edad_max": null,
    "creado": "2026-06-16T04:10:09.168Z",
    "actualizado": "2026-06-16T04:10:09.168Z"
  }
},
{
  "model": "miprimerapp.producto",
  "pk": 122,
  "fields": {
    "categoria": 4,
    "nombre": "Pack Cepillo VITIS® Orthodontic + pasta Ortho 15ml",
    "marca": "VITIS",
    "descripcion": "",
    "precio": 3000,
    "costo": 1783,
    "precio_b2d": 2140,
    "precio_pack": null,
    "unidades_pack": null,
    "lote": "sin_lote",
    "fecha_vencimiento": null,
    "imagen": "",
    "precio_volumen": 2625,
    "cantidad_minima_volumen": 4,
    "pronto_a_vencer": false,
    "stock": 0,
    "lugar_stock": "",
    "activo": true,
    "destacado": false,
    "edad_min": null,
    "edad_max": null,
    "creado": "2026-06-16T04:10:09.172Z",
    "actualizado": "2026-06-16T04:10:09.172Z"
  }
},
{
  "model": "miprimerapp.producto",
  "pk": 123,
  "fields": {
    "categoria": 4,
    "nombre": "Travel Set Ortho",
    "marca": "",
    "descripcion": "",
    "precio": 14000,
    "costo": 10575,
    "precio_b2d": 12690,
    "precio_pack": null,
    "unidades_pack": null,
    "lote": "sin_lote",
    "fecha_vencimiento": null,
    "imagen": "",
    "precio_volumen": null,
    "cantidad_minima_volumen": null,
    "pronto_a_vencer": false,
    "stock": 0,
    "lugar_stock": "",
    "activo": true,
    "destacado": false,
    "edad_min": null,
    "edad_max": null,
    "creado": "2026-06-16T04:10:09.177Z",
    "actualizado": "2026-06-16T04:10:09.177Z"
  }
},
{
  "model": "miprimerapp.producto",
  "pk": 124,
  "fields": {
    "categoria": 9,
    "nombre": "Elmex Gingiva sensible",
    "marca": "elmex",
    "descripcion": "",
    "precio": 5500,
    "costo": 3305,
    "precio_b2d": 3966,
    "precio_pack": null,
    "unidades_pack": null,
    "lote": "sin_lote",
    "fecha_vencimiento": null,
    "imagen": "",
    "precio_volumen": null,
    "cantidad_minima_volumen": null,
    "pronto_a_vencer": false,
    "stock": 2,
    "lugar_stock": "",
    "activo": true,
    "destacado": false,
    "edad_min": null,
    "edad_max": null,
    "creado": "2026-06-16T04:10:09.181Z",
    "actualizado": "2026-06-22T23:45:11.098Z"
  }
},
{
  "model": "miprimerapp.producto",
  "pk": 125,
  "fields": {
    "categoria": 6,
    "nombre": "ENJ Halita 500 ml",
    "marca": "Halita",
    "descripcion": "",
    "precio": 8000,
    "costo": 6149,
    "precio_b2d": 7379,
    "precio_pack": null,
    "unidades_pack": null,
    "lote": "sin_lote",
    "fecha_vencimiento": null,
    "imagen": "",
    "precio_volumen": null,
    "cantidad_minima_volumen": null,
    "pronto_a_vencer": false,
    "stock": 0,
    "lugar_stock": "",
    "activo": true,
    "destacado": false,
    "edad_min": null,
    "edad_max": null,
    "creado": "2026-06-16T04:10:09.185Z",
    "actualizado": "2026-06-16T04:10:09.185Z"
  }
},
{
  "model": "miprimerapp.producto",
  "pk": 126,
  "fields": {
    "categoria": 4,
    "nombre": "Travel set be you ORTHO refill duo PACK 5460",
    "marca": "",
    "descripcion": "",
    "precio": 8500,
    "costo": 6277,
    "precio_b2d": 7532,
    "precio_pack": null,
    "unidades_pack": null,
    "lote": "sin_lote",
    "fecha_vencimiento": null,
    "imagen": "",
    "precio_volumen": null,
    "cantidad_minima_volumen": null,
    "pronto_a_vencer": false,
    "stock": 0,
    "lugar_stock": "",
    "activo": true,
    "destacado": false,
    "edad_min": null,
    "edad_max": null,
    "creado": "2026-06-16T04:10:09.188Z",
    "actualizado": "2026-06-16T04:10:09.188Z"
  }
},
{
  "model": "miprimerapp.producto",
  "pk": 127,
  "fields": {
    "categoria": 8,
    "nombre": "Protector Cabezal para Cepillos Tepe",
    "marca": "TePe",
    "descripcion": "",
    "precio": 700,
    "costo": 350,
    "precio_b2d": 420,
    "precio_pack": null,
    "unidades_pack": null,
    "lote": "sin_lote",
    "fecha_vencimiento": null,
    "imagen": "",
    "precio_volumen": null,
    "cantidad_minima_volumen": null,
    "pronto_a_vencer": false,
    "stock": 0,
    "lugar_stock": "",
    "activo": true,
    "destacado": false,
    "edad_min": null,
    "edad_max": null,
    "creado": "2026-06-16T04:10:09.192Z",
    "actualizado": "2026-06-16T04:10:09.192Z"
  }
},
{
  "model": "miprimerapp.producto",
  "pk": 128,
  "fields": {
    "categoria": 6,
    "nombre": "PHB TIME TO CARE SO BALANCED COL 300",
    "marca": "PHB",
    "descripcion": "",
    "precio": 4500,
    "costo": 3004,
    "precio_b2d": 3605,
    "precio_pack": null,
    "unidades_pack": null,
    "lote": "sin_lote",
    "fecha_vencimiento": null,
    "imagen": "",
    "precio_volumen": null,
    "cantidad_minima_volumen": null,
    "pronto_a_vencer": false,
    "stock": 0,
    "lugar_stock": "",
    "activo": true,
    "destacado": false,
    "edad_min": null,
    "edad_max": null,
    "creado": "2026-06-16T04:10:09.196Z",
    "actualizado": "2026-06-16T04:10:09.196Z"
  }
},
{
  "model": "miprimerapp.producto",
  "pk": 129,
  "fields": {
    "categoria": 9,
    "nombre": "PHB TIME TO CARE SO BALANCED PASTA 75ML",
    "marca": "PHB",
    "descripcion": "",
    "precio": 4500,
    "costo": 3117,
    "precio_b2d": 3740,
    "precio_pack": null,
    "unidades_pack": null,
    "lote": "sin_lote",
    "fecha_vencimiento": null,
    "imagen": "",
    "precio_volumen": null,
    "cantidad_minima_volumen": null,
    "pronto_a_vencer": false,
    "stock": 0,
    "lugar_stock": "",
    "activo": true,
    "destacado": false,
    "edad_min": null,
    "edad_max": null,
    "creado": "2026-06-16T04:10:09.200Z",
    "actualizado": "2026-06-16T04:10:09.200Z"
  }
},
{
  "model": "miprimerapp.producto",
  "pk": 130,
  "fields": {
    "categoria": 6,
    "nombre": "PHB TIME TO CARE SO CALM COL 300 ML",
    "marca": "PHB",
    "descripcion": "",
    "precio": 4500,
    "costo": 3004,
    "precio_b2d": 3605,
    "precio_pack": null,
    "unidades_pack": null,
    "lote": "sin_lote",
    "fecha_vencimiento": null,
    "imagen": "",
    "precio_volumen": null,
    "cantidad_minima_volumen": null,
    "pronto_a_vencer": false,
    "stock": 0,
    "lugar_stock": "",
    "activo": true,
    "destacado": false,
    "edad_min": null,
    "edad_max": null,
    "creado": "2026-06-16T04:10:09.205Z",
    "actualizado": "2026-06-16T04:10:09.205Z"
  }
},
{
  "model": "miprimerapp.producto",
  "pk": 131,
  "fields": {
    "categoria": 9,
    "nombre": "PHB TIME TO CARE SO CALM PASTA 75 ML",
    "marca": "PHB",
    "descripcion": "",
    "precio": 4500,
    "costo": 3117,
    "precio_b2d": 3740,
    "precio_pack": null,
    "unidades_pack": null,
    "lote": "sin_lote",
    "fecha_vencimiento": null,
    "imagen": "",
    "precio_volumen": null,
    "cantidad_minima_volumen": null,
    "pronto_a_vencer": false,
    "stock": 0,
    "lugar_stock": "",
    "activo": true,
    "destacado": false,
    "edad_min": null,
    "edad_max": null,
    "creado": "2026-06-16T04:10:09.209Z",
    "actualizado": "2026-06-16T04:10:09.209Z"
  }
},
{
  "model": "miprimerapp.producto",
  "pk": 132,
  "fields": {
    "categoria": 9,
    "nombre": "PHB TIME TO CARE CONFIDENT PASTA 75",
    "marca": "PHB",
    "descripcion": "",
    "precio": 4500,
    "costo": 3117,
    "precio_b2d": 3740,
    "precio_pack": null,
    "unidades_pack": null,
    "lote": "sin_lote",
    "fecha_vencimiento": null,
    "imagen": "",
    "precio_volumen": null,
    "cantidad_minima_volumen": null,
    "pronto_a_vencer": false,
    "stock": 0,
    "lugar_stock": "",
    "activo": true,
    "destacado": false,
    "edad_min": null,
    "edad_max": null,
    "creado": "2026-06-16T04:10:09.213Z",
    "actualizado": "2026-06-16T04:10:09.213Z"
  }
},
{
  "model": "miprimerapp.producto",
  "pk": 133,
  "fields": {
    "categoria": 8,
    "nombre": "PHB TIME TO CARE CEPILLO SUAVE DUPLO",
    "marca": "PHB",
    "descripcion": "",
    "precio": 6400,
    "costo": 4138,
    "precio_b2d": 4966,
    "precio_pack": null,
    "unidades_pack": null,
    "lote": "sin_lote",
    "fecha_vencimiento": null,
    "imagen": "",
    "precio_volumen": null,
    "cantidad_minima_volumen": null,
    "pronto_a_vencer": false,
    "stock": 0,
    "lugar_stock": "",
    "activo": true,
    "destacado": false,
    "edad_min": null,
    "edad_max": null,
    "creado": "2026-06-16T04:10:09.217Z",
    "actualizado": "2026-06-16T04:10:09.217Z"
  }
},
{
  "model": "miprimerapp.producto",
  "pk": 134,
  "fields": {
    "categoria": 12,
    "nombre": "mesa",
    "marca": "Curaprox",
    "descripcion": "es uy feo",
    "precio": 0,
    "costo": 0,
    "precio_b2d": null,
    "precio_pack": null,
    "unidades_pack": null,
    "lote": "sin_lote",
    "fecha_vencimiento": null,
    "imagen": "",
    "precio_volumen": null,
    "cantidad_minima_volumen": null,
    "pronto_a_vencer": false,
    "stock": 0,
    "lugar_stock": "",
    "activo": true,
    "destacado": false,
    "edad_min": null,
    "edad_max": null,
    "creado": "2026-06-24T20:41:26.899Z",
    "actualizado": "2026-06-24T20:41:26.899Z"
  }
},
{
  "model": "miprimerapp.clinica",
  "pk": 1,
  "fields": {
    "usuario": 2,
    "nombre_clinica": "Origen",
    "rut": "77.777.777-7",
    "direccion": "Pje. Dos 129",
    "ciudad": "Temuco",
    "region": "IX",
    "telefono": "+56987764148",
    "email": "ve.osoriovega@gmail.com",
    "sitio_web": "",
    "nombre_contacto": "Valentina",
    "cargo_contacto": "Director Técnico",
    "medio_contacto": "whatsapp",
    "dias_contacto": "cualquier_dia",
    "producto_no_catalogo": "",
    "rotacion_estimada": "media",
    "verificada": false,
    "fecha_inscripcion": "2026-06-16T13:16:35.063Z",
    "notas": "",
    "productos_interes": [
      85
    ]
  }
},
{
  "model": "miprimerapp.clinica",
  "pk": 2,
  "fields": {
    "usuario": 10,
    "nombre_clinica": "misdientes",
    "rut": "77222222-2",
    "direccion": "las palmas 1672",
    "ciudad": "temuco",
    "region": "IX",
    "telefono": "964187947",
    "email": "misdientes@gmail.com",
    "sitio_web": "",
    "nombre_contacto": "dra. Valderrama",
    "cargo_contacto": "Director Técnico",
    "medio_contacto": "whatsapp",
    "dias_contacto": "cualquier_dia",
    "producto_no_catalogo": "hilo dental superfloss oral-b",
    "rotacion_estimada": "baja",
    "verificada": false,
    "fecha_inscripcion": "2026-06-21T20:00:56.374Z",
    "notas": "",
    "productos_interes": [
      40,
      12,
      42
    ]
  }
},
{
  "model": "miprimerapp.pedido",
  "pk": 1,
  "fields": {
    "clinica": 1,
    "estado": "pendiente",
    "fecha_creacion": "2026-06-16T14:15:06.539Z",
    "fecha_actualizacion": "2026-06-16T14:15:06.539Z",
    "observaciones": "",
    "total": 24880
  }
},
{
  "model": "miprimerapp.pedido",
  "pk": 2,
  "fields": {
    "clinica": 1,
    "estado": "pendiente",
    "fecha_creacion": "2026-06-16T14:44:34.987Z",
    "fecha_actualizacion": "2026-06-16T14:44:34.987Z",
    "observaciones": "",
    "total": 340404
  }
},
{
  "model": "miprimerapp.pedido",
  "pk": 3,
  "fields": {
    "clinica": 1,
    "estado": "pendiente",
    "fecha_creacion": "2026-06-16T21:46:15.086Z",
    "fecha_actualizacion": "2026-06-16T21:46:15.086Z",
    "observaciones": "",
    "total": 3277
  }
},
{
  "model": "miprimerapp.pedido",
  "pk": 4,
  "fields": {
    "clinica": 1,
    "estado": "pendiente",
    "fecha_creacion": "2026-06-16T22:16:27.975Z",
    "fecha_actualizacion": "2026-06-16T22:16:27.975Z",
    "observaciones": "",
    "total": 14413
  }
},
{
  "model": "miprimerapp.pedido",
  "pk": 5,
  "fields": {
    "clinica": 1,
    "estado": "pendiente",
    "fecha_creacion": "2026-06-24T01:58:30.038Z",
    "fecha_actualizacion": "2026-06-24T01:58:30.038Z",
    "observaciones": "",
    "total": 34808
  }
},
{
  "model": "miprimerapp.detallepedido",
  "pk": 1,
  "fields": {
    "pedido": 1,
    "producto": 15,
    "cantidad": 3,
    "precio_unitario": 4020,
    "observaciones": ""
  }
},
{
  "model": "miprimerapp.detallepedido",
  "pk": 2,
  "fields": {
    "pedido": 1,
    "producto": 40,
    "cantidad": 2,
    "precio_unitario": 2140,
    "observaciones": ""
  }
},
{
  "model": "miprimerapp.detallepedido",
  "pk": 3,
  "fields": {
    "pedido": 1,
    "producto": 12,
    "cantidad": 2,
    "precio_unitario": 4270,
    "observaciones": ""
  }
},
{
  "model": "miprimerapp.detallepedido",
  "pk": 4,
  "fields": {
    "pedido": 2,
    "producto": 3,
    "cantidad": 1,
    "precio_unitario": 1554,
    "observaciones": ""
  }
},
{
  "model": "miprimerapp.detallepedido",
  "pk": 5,
  "fields": {
    "pedido": 2,
    "producto": 4,
    "cantidad": 3,
    "precio_unitario": 1604,
    "observaciones": ""
  }
},
{
  "model": "miprimerapp.detallepedido",
  "pk": 6,
  "fields": {
    "pedido": 2,
    "producto": 50,
    "cantidad": 1,
    "precio_unitario": 10498,
    "observaciones": ""
  }
},
{
  "model": "miprimerapp.detallepedido",
  "pk": 7,
  "fields": {
    "pedido": 2,
    "producto": 102,
    "cantidad": 1,
    "precio_unitario": 5010,
    "observaciones": ""
  }
},
{
  "model": "miprimerapp.detallepedido",
  "pk": 8,
  "fields": {
    "pedido": 2,
    "producto": 90,
    "cantidad": 1,
    "precio_unitario": 7560,
    "observaciones": ""
  }
},
{
  "model": "miprimerapp.detallepedido",
  "pk": 9,
  "fields": {
    "pedido": 2,
    "producto": 113,
    "cantidad": 1,
    "precio_unitario": 4351,
    "observaciones": ""
  }
},
{
  "model": "miprimerapp.detallepedido",
  "pk": 10,
  "fields": {
    "pedido": 2,
    "producto": 89,
    "cantidad": 4,
    "precio_unitario": 2032,
    "observaciones": ""
  }
},
{
  "model": "miprimerapp.detallepedido",
  "pk": 11,
  "fields": {
    "pedido": 2,
    "producto": 94,
    "cantidad": 1,
    "precio_unitario": 4127,
    "observaciones": ""
  }
},
{
  "model": "miprimerapp.detallepedido",
  "pk": 12,
  "fields": {
    "pedido": 2,
    "producto": 124,
    "cantidad": 7,
    "precio_unitario": 3966,
    "observaciones": ""
  }
},
{
  "model": "miprimerapp.detallepedido",
  "pk": 13,
  "fields": {
    "pedido": 2,
    "producto": 93,
    "cantidad": 5,
    "precio_unitario": 3762,
    "observaciones": ""
  }
},
{
  "model": "miprimerapp.detallepedido",
  "pk": 14,
  "fields": {
    "pedido": 2,
    "producto": 11,
    "cantidad": 5,
    "precio_unitario": 4634,
    "observaciones": ""
  }
},
{
  "model": "miprimerapp.detallepedido",
  "pk": 15,
  "fields": {
    "pedido": 2,
    "producto": 81,
    "cantidad": 3,
    "precio_unitario": 74874,
    "observaciones": ""
  }
},
{
  "model": "miprimerapp.detallepedido",
  "pk": 16,
  "fields": {
    "pedido": 3,
    "producto": 18,
    "cantidad": 1,
    "precio_unitario": 3277,
    "observaciones": "entregar hoy porfavor"
  }
},
{
  "model": "miprimerapp.detallepedido",
  "pk": 17,
  "fields": {
    "pedido": 4,
    "producto": 89,
    "cantidad": 1,
    "precio_unitario": 2032,
    "observaciones": ""
  }
},
{
  "model": "miprimerapp.detallepedido",
  "pk": 18,
  "fields": {
    "pedido": 4,
    "producto": 94,
    "cantidad": 3,
    "precio_unitario": 4127,
    "observaciones": ""
  }
},
{
  "model": "miprimerapp.detallepedido",
  "pk": 19,
  "fields": {
    "pedido": 5,
    "producto": 113,
    "cantidad": 8,
    "precio_unitario": 4351,
    "observaciones": ""
  }
},
{
  "model": "miprimerapp.historialestado",
  "pk": 1,
  "fields": {
    "pedido": 1,
    "solicitud": null,
    "estado": "pendiente",
    "fecha": "2026-06-16T14:15:06.628Z",
    "nota": "",
    "cambiado_por": null
  }
},
{
  "model": "miprimerapp.historialestado",
  "pk": 2,
  "fields": {
    "pedido": 2,
    "solicitud": null,
    "estado": "pendiente",
    "fecha": "2026-06-16T14:44:35.203Z",
    "nota": "",
    "cambiado_por": null
  }
},
{
  "model": "miprimerapp.historialestado",
  "pk": 3,
  "fields": {
    "pedido": 3,
    "solicitud": null,
    "estado": "pendiente",
    "fecha": "2026-06-16T21:46:15.100Z",
    "nota": "",
    "cambiado_por": null
  }
},
{
  "model": "miprimerapp.historialestado",
  "pk": 4,
  "fields": {
    "pedido": 4,
    "solicitud": null,
    "estado": "pendiente",
    "fecha": "2026-06-16T22:16:28.042Z",
    "nota": "",
    "cambiado_por": null
  }
},
{
  "model": "miprimerapp.historialestado",
  "pk": 5,
  "fields": {
    "pedido": null,
    "solicitud": 2,
    "estado": "en_proceso",
    "fecha": "2026-06-19T01:21:06.009Z",
    "nota": "falta agregar cepillo morado",
    "cambiado_por": 1
  }
},
{
  "model": "miprimerapp.historialestado",
  "pk": 6,
  "fields": {
    "pedido": null,
    "solicitud": 2,
    "estado": "en_proceso",
    "fecha": "2026-06-19T01:21:20.593Z",
    "nota": "falta agregar pasta morada",
    "cambiado_por": 1
  }
},
{
  "model": "miprimerapp.historialestado",
  "pk": 7,
  "fields": {
    "pedido": null,
    "solicitud": 2,
    "estado": "enviado",
    "fecha": "2026-06-19T01:21:34.754Z",
    "nota": "enviado por chileexpres",
    "cambiado_por": 1
  }
},
{
  "model": "miprimerapp.historialestado",
  "pk": 8,
  "fields": {
    "pedido": null,
    "solicitud": 2,
    "estado": "entregado",
    "fecha": "2026-06-19T01:21:52.525Z",
    "nota": "recibe vecino",
    "cambiado_por": 1
  }
},
{
  "model": "miprimerapp.historialestado",
  "pk": 9,
  "fields": {
    "pedido": null,
    "solicitud": 2,
    "estado": "devolucion",
    "fecha": "2026-06-19T01:32:33.375Z",
    "nota": "",
    "cambiado_por": 1
  }
},
{
  "model": "miprimerapp.historialestado",
  "pk": 10,
  "fields": {
    "pedido": null,
    "solicitud": 1,
    "estado": "entregado",
    "fecha": "2026-06-22T04:16:38.853Z",
    "nota": "entregado en hospital",
    "cambiado_por": 1
  }
},
{
  "model": "miprimerapp.historialestado",
  "pk": 11,
  "fields": {
    "pedido": null,
    "solicitud": 4,
    "estado": "en_proceso",
    "fecha": "2026-06-22T23:51:59.281Z",
    "nota": "me falta 1 pasta kids",
    "cambiado_por": 1
  }
},
{
  "model": "miprimerapp.historialestado",
  "pk": 12,
  "fields": {
    "pedido": null,
    "solicitud": 4,
    "estado": "entregado",
    "fecha": "2026-06-22T23:52:21.365Z",
    "nota": "entregado a domicilio",
    "cambiado_por": 1
  }
},
{
  "model": "miprimerapp.historialestado",
  "pk": 13,
  "fields": {
    "pedido": 5,
    "solicitud": null,
    "estado": "pendiente",
    "fecha": "2026-06-24T01:58:30.081Z",
    "nota": "",
    "cambiado_por": null
  }
},
{
  "model": "miprimerapp.consultacontacto",
  "pk": 1,
  "fields": {
    "nombre": "Hector",
    "email": "ve.osoriovega@gmail.com",
    "telefono": "+56987764148",
    "es_clinica": false,
    "region": "II",
    "tipo_consulta": "factura",
    "mensaje": "cuanto se demora la entrega",
    "adjunto": "",
    "leido": false,
    "fecha": "2026-06-17T18:14:03.122Z",
    "estado_caso": "en_proceso",
    "tomado_por": 1,
    "fecha_tomado": "2026-06-17T19:44:24.957Z",
    "notas_seguimiento": "",
    "resuelto_por": null,
    "fecha_resolucion": null,
    "nota_resolucion": "",
    "canal_respuesta": "email",
    "direccion": "",
    "dias_respuesta": "",
    "horario_respuesta": "cualquiera",
    "caso_padre": null
  }
},
{
  "model": "miprimerapp.consultacontacto",
  "pk": 2,
  "fields": {
    "nombre": "Dedal Baby",
    "email": "ve.osoriovega@gmail.com",
    "telefono": "+56987764148",
    "es_clinica": false,
    "region": "V",
    "tipo_consulta": "pedido",
    "mensaje": "hola que tal costo de envio a valapraiso",
    "adjunto": "adjuntos/factura_marzo_2026__Valentina_Osorio_CDA.pdf",
    "leido": true,
    "fecha": "2026-06-17T18:14:31.503Z",
    "estado_caso": "resuelto",
    "tomado_por": 1,
    "fecha_tomado": "2026-06-17T18:32:28.249Z",
    "notas_seguimiento": "llame al paciente por telefono y no hay respuesta",
    "resuelto_por": 1,
    "fecha_resolucion": "2026-06-17T19:37:20.078Z",
    "nota_resolucion": "paciente satisfecho, realizo compra",
    "canal_respuesta": "email",
    "direccion": "",
    "dias_respuesta": "",
    "horario_respuesta": "cualquiera",
    "caso_padre": null
  }
},
{
  "model": "miprimerapp.consultacontacto",
  "pk": 3,
  "fields": {
    "nombre": "joaquin",
    "email": "ve.osoriovega@gmail.com",
    "telefono": "+56987764148",
    "es_clinica": false,
    "region": "III",
    "tipo_consulta": "pedido",
    "mensaje": "quiero hacer un pedido me pueden contactar por wsp",
    "adjunto": "",
    "leido": true,
    "fecha": "2026-06-17T19:38:20.944Z",
    "estado_caso": "resuelto",
    "tomado_por": 1,
    "fecha_tomado": "2026-06-17T19:38:47.192Z",
    "notas_seguimiento": "",
    "resuelto_por": 1,
    "fecha_resolucion": "2026-06-17T19:39:37.000Z",
    "nota_resolucion": "paciente no comprara",
    "canal_respuesta": "email",
    "direccion": "",
    "dias_respuesta": "",
    "horario_respuesta": "cualquiera",
    "caso_padre": null
  }
},
{
  "model": "miprimerapp.consultacontacto",
  "pk": 4,
  "fields": {
    "nombre": "rodrigo valderrama",
    "email": "rodrigo.ivr93@gmail.com",
    "telefono": "997601409",
    "es_clinica": false,
    "region": "",
    "tipo_consulta": "info",
    "mensaje": "hola esto es una prueba",
    "adjunto": "",
    "leido": false,
    "fecha": "2026-06-19T03:24:03.682Z",
    "estado_caso": "en_proceso",
    "tomado_por": 1,
    "fecha_tomado": "2026-06-21T02:26:02.846Z",
    "notas_seguimiento": "",
    "resuelto_por": null,
    "fecha_resolucion": null,
    "nota_resolucion": "",
    "canal_respuesta": "email",
    "direccion": "",
    "dias_respuesta": "[]",
    "horario_respuesta": "cualquiera",
    "caso_padre": null
  }
},
{
  "model": "miprimerapp.consultacontacto",
  "pk": 6,
  "fields": {
    "nombre": "DANIEL",
    "email": "ve.osoriovega@gmail.com",
    "telefono": "999999999",
    "es_clinica": false,
    "region": "IX",
    "tipo_consulta": "pedido",
    "mensaje": "HOLAAA",
    "adjunto": "",
    "leido": false,
    "fecha": "2026-06-21T02:39:22.523Z",
    "estado_caso": "en_proceso",
    "tomado_por": 1,
    "fecha_tomado": "2026-06-21T02:40:43.540Z",
    "notas_seguimiento": "",
    "resuelto_por": null,
    "fecha_resolucion": null,
    "nota_resolucion": "",
    "canal_respuesta": "email",
    "direccion": "Pje. Dos 129",
    "dias_respuesta": "[]",
    "horario_respuesta": "cualquiera",
    "caso_padre": null
  }
},
{
  "model": "miprimerapp.consultacontacto",
  "pk": 7,
  "fields": {
    "nombre": "ADMIN",
    "email": "ve.osoriovega@gmail.com",
    "telefono": "997601409",
    "es_clinica": false,
    "region": "IX",
    "tipo_consulta": "pedido",
    "mensaje": "AYUDAME",
    "adjunto": "",
    "leido": false,
    "fecha": "2026-06-21T02:43:57.401Z",
    "estado_caso": "pendiente",
    "tomado_por": null,
    "fecha_tomado": null,
    "notas_seguimiento": "",
    "resuelto_por": null,
    "fecha_resolucion": null,
    "nota_resolucion": "",
    "canal_respuesta": "email",
    "direccion": "Pje. Dos 129",
    "dias_respuesta": "[]",
    "horario_respuesta": "cualquiera",
    "caso_padre": null
  }
},
{
  "model": "miprimerapp.consultacontacto",
  "pk": 8,
  "fields": {
    "nombre": "Dr Mauricio",
    "email": "mauricio@gmail.com",
    "telefono": "997601409",
    "es_clinica": true,
    "region": "IX",
    "tipo_consulta": "reclamo",
    "mensaje": "no me gusto la pagina",
    "adjunto": "",
    "leido": true,
    "fecha": "2026-06-22T23:38:18.197Z",
    "estado_caso": "resuelto",
    "tomado_por": 4,
    "fecha_tomado": "2026-06-22T23:55:13.461Z",
    "notas_seguimiento": "",
    "resuelto_por": 4,
    "fecha_resolucion": "2026-06-22T23:55:43.745Z",
    "nota_resolucion": "el cliente se fue conforme",
    "canal_respuesta": "whatsapp",
    "direccion": "Pje. Dos 129",
    "dias_respuesta": "['cualquier_dia']",
    "horario_respuesta": "cualquiera",
    "caso_padre": null
  }
},
{
  "model": "miprimerapp.personalclinica",
  "pk": 1,
  "fields": {
    "clinica": 1,
    "nombre": "Dr rodrigo valderrama",
    "especialidad": "dentista_general",
    "activo": true
  }
},
{
  "model": "miprimerapp.personalclinica",
  "pk": 2,
  "fields": {
    "clinica": 1,
    "nombre": "osorio",
    "especialidad": "dentista_general",
    "activo": true
  }
},
{
  "model": "miprimerapp.personalclinica",
  "pk": 3,
  "fields": {
    "clinica": 1,
    "nombre": "Dr Mauricio",
    "especialidad": "endodoncista",
    "activo": true
  }
},
{
  "model": "miprimerapp.stockminimo",
  "pk": 1,
  "fields": {
    "clinica": 1,
    "producto": 3,
    "minimo": 0
  }
},
{
  "model": "miprimerapp.stockminimo",
  "pk": 2,
  "fields": {
    "clinica": 1,
    "producto": 4,
    "minimo": 0
  }
},
{
  "model": "miprimerapp.stockminimo",
  "pk": 3,
  "fields": {
    "clinica": 1,
    "producto": 11,
    "minimo": 3
  }
},
{
  "model": "miprimerapp.stockminimo",
  "pk": 4,
  "fields": {
    "clinica": 1,
    "producto": 12,
    "minimo": 0
  }
},
{
  "model": "miprimerapp.stockminimo",
  "pk": 5,
  "fields": {
    "clinica": 1,
    "producto": 15,
    "minimo": 0
  }
},
{
  "model": "miprimerapp.stockminimo",
  "pk": 6,
  "fields": {
    "clinica": 1,
    "producto": 40,
    "minimo": 0
  }
},
{
  "model": "miprimerapp.stockminimo",
  "pk": 7,
  "fields": {
    "clinica": 1,
    "producto": 50,
    "minimo": 0
  }
},
{
  "model": "miprimerapp.stockminimo",
  "pk": 8,
  "fields": {
    "clinica": 1,
    "producto": 124,
    "minimo": 0
  }
},
{
  "model": "miprimerapp.stockminimo",
  "pk": 9,
  "fields": {
    "clinica": 1,
    "producto": 81,
    "minimo": 0
  }
},
{
  "model": "miprimerapp.stockminimo",
  "pk": 10,
  "fields": {
    "clinica": 1,
    "producto": 89,
    "minimo": 4
  }
},
{
  "model": "miprimerapp.stockminimo",
  "pk": 11,
  "fields": {
    "clinica": 1,
    "producto": 93,
    "minimo": 0
  }
},
{
  "model": "miprimerapp.stockminimo",
  "pk": 12,
  "fields": {
    "clinica": 1,
    "producto": 94,
    "minimo": 0
  }
},
{
  "model": "miprimerapp.stockminimo",
  "pk": 13,
  "fields": {
    "clinica": 1,
    "producto": 102,
    "minimo": 0
  }
},
{
  "model": "miprimerapp.stockminimo",
  "pk": 14,
  "fields": {
    "clinica": 1,
    "producto": 90,
    "minimo": 0
  }
},
{
  "model": "miprimerapp.stockminimo",
  "pk": 15,
  "fields": {
    "clinica": 1,
    "producto": 113,
    "minimo": 0
  }
},
{
  "model": "miprimerapp.stockminimo",
  "pk": 16,
  "fields": {
    "clinica": 1,
    "producto": 18,
    "minimo": 0
  }
},
{
  "model": "miprimerapp.ventastock",
  "pk": 1,
  "fields": {
    "clinica": 1,
    "producto": 42,
    "personal": null,
    "cantidad": 3,
    "fecha": null
  }
},
{
  "model": "miprimerapp.ventastock",
  "pk": 2,
  "fields": {
    "clinica": 1,
    "producto": 117,
    "personal": 1,
    "cantidad": 1,
    "fecha": "2026-06-16"
  }
},
{
  "model": "miprimerapp.ventastock",
  "pk": 5,
  "fields": {
    "clinica": 1,
    "producto": 89,
    "personal": 2,
    "cantidad": 1,
    "fecha": "2026-06-15"
  }
},
{
  "model": "miprimerapp.ventastock",
  "pk": 6,
  "fields": {
    "clinica": 1,
    "producto": 90,
    "personal": 2,
    "cantidad": 1,
    "fecha": "2026-06-15"
  }
},
{
  "model": "miprimerapp.ventastock",
  "pk": 7,
  "fields": {
    "clinica": 1,
    "producto": 117,
    "personal": 1,
    "cantidad": 2,
    "fecha": "2026-06-25"
  }
},
{
  "model": "miprimerapp.ventastock",
  "pk": 8,
  "fields": {
    "clinica": 1,
    "producto": 117,
    "personal": 2,
    "cantidad": 1,
    "fecha": "2026-06-10"
  }
},
{
  "model": "miprimerapp.ventastock",
  "pk": 9,
  "fields": {
    "clinica": 1,
    "producto": 117,
    "personal": 1,
    "cantidad": 1,
    "fecha": "2026-06-25"
  }
},
{
  "model": "miprimerapp.ventastock",
  "pk": 10,
  "fields": {
    "clinica": 1,
    "producto": 66,
    "personal": 1,
    "cantidad": 1,
    "fecha": "2026-06-10"
  }
},
{
  "model": "miprimerapp.ventastock",
  "pk": 11,
  "fields": {
    "clinica": 1,
    "producto": 124,
    "personal": 1,
    "cantidad": 1,
    "fecha": "2026-07-03"
  }
},
{
  "model": "miprimerapp.ventastock",
  "pk": 12,
  "fields": {
    "clinica": 1,
    "producto": 124,
    "personal": 1,
    "cantidad": 1,
    "fecha": "2026-06-01"
  }
},
{
  "model": "miprimerapp.ventastock",
  "pk": 13,
  "fields": {
    "clinica": 1,
    "producto": 124,
    "personal": 1,
    "cantidad": 1,
    "fecha": "2026-06-01"
  }
},
{
  "model": "miprimerapp.ventastock",
  "pk": 14,
  "fields": {
    "clinica": 1,
    "producto": 11,
    "personal": 3,
    "cantidad": 2,
    "fecha": "2026-06-22"
  }
},
{
  "model": "miprimerapp.ajusteinventario",
  "pk": 1,
  "fields": {
    "clinica": 1,
    "producto": 3,
    "cantidad": 2,
    "nota": "",
    "fecha": "2026-06-16T22:18:48.026Z"
  }
},
{
  "model": "miprimerapp.ajusteinventario",
  "pk": 2,
  "fields": {
    "clinica": 1,
    "producto": 4,
    "cantidad": 0,
    "nota": "",
    "fecha": "2026-06-16T19:22:36.722Z"
  }
},
{
  "model": "miprimerapp.ajusteinventario",
  "pk": 3,
  "fields": {
    "clinica": 1,
    "producto": 11,
    "cantidad": 0,
    "nota": "",
    "fecha": "2026-06-16T19:22:36.769Z"
  }
},
{
  "model": "miprimerapp.ajusteinventario",
  "pk": 4,
  "fields": {
    "clinica": 1,
    "producto": 12,
    "cantidad": 0,
    "nota": "",
    "fecha": "2026-06-16T19:22:36.798Z"
  }
},
{
  "model": "miprimerapp.ajusteinventario",
  "pk": 5,
  "fields": {
    "clinica": 1,
    "producto": 15,
    "cantidad": 0,
    "nota": "",
    "fecha": "2026-06-16T19:22:36.826Z"
  }
},
{
  "model": "miprimerapp.ajusteinventario",
  "pk": 6,
  "fields": {
    "clinica": 1,
    "producto": 40,
    "cantidad": 0,
    "nota": "",
    "fecha": "2026-06-16T19:22:36.858Z"
  }
},
{
  "model": "miprimerapp.ajusteinventario",
  "pk": 7,
  "fields": {
    "clinica": 1,
    "producto": 50,
    "cantidad": 0,
    "nota": "",
    "fecha": "2026-06-16T19:22:36.890Z"
  }
},
{
  "model": "miprimerapp.ajusteinventario",
  "pk": 8,
  "fields": {
    "clinica": 1,
    "producto": 124,
    "cantidad": 0,
    "nota": "",
    "fecha": "2026-06-16T19:22:36.917Z"
  }
},
{
  "model": "miprimerapp.ajusteinventario",
  "pk": 9,
  "fields": {
    "clinica": 1,
    "producto": 81,
    "cantidad": 0,
    "nota": "",
    "fecha": "2026-06-16T19:22:36.947Z"
  }
},
{
  "model": "miprimerapp.ajusteinventario",
  "pk": 10,
  "fields": {
    "clinica": 1,
    "producto": 89,
    "cantidad": 0,
    "nota": "",
    "fecha": "2026-06-16T19:22:36.976Z"
  }
},
{
  "model": "miprimerapp.ajusteinventario",
  "pk": 11,
  "fields": {
    "clinica": 1,
    "producto": 93,
    "cantidad": 0,
    "nota": "",
    "fecha": "2026-06-16T19:22:36.997Z"
  }
},
{
  "model": "miprimerapp.ajusteinventario",
  "pk": 12,
  "fields": {
    "clinica": 1,
    "producto": 94,
    "cantidad": 0,
    "nota": "",
    "fecha": "2026-06-16T19:22:37.018Z"
  }
},
{
  "model": "miprimerapp.ajusteinventario",
  "pk": 13,
  "fields": {
    "clinica": 1,
    "producto": 102,
    "cantidad": 0,
    "nota": "",
    "fecha": "2026-06-16T19:22:37.045Z"
  }
},
{
  "model": "miprimerapp.ajusteinventario",
  "pk": 14,
  "fields": {
    "clinica": 1,
    "producto": 90,
    "cantidad": 0,
    "nota": "",
    "fecha": "2026-06-16T19:22:37.066Z"
  }
},
{
  "model": "miprimerapp.ajusteinventario",
  "pk": 15,
  "fields": {
    "clinica": 1,
    "producto": 113,
    "cantidad": 0,
    "nota": "",
    "fecha": "2026-06-16T19:22:37.081Z"
  }
},
{
  "model": "miprimerapp.ajusteinventario",
  "pk": 16,
  "fields": {
    "clinica": 1,
    "producto": 18,
    "cantidad": 0,
    "nota": "",
    "fecha": "2026-06-16T21:46:31.353Z"
  }
},
{
  "model": "miprimerapp.productosugerido",
  "pk": 1,
  "fields": {
    "clinica": 1,
    "nombre_producto": "Hilo de unicornio",
    "marca": "Gum",
    "uso": "lo uso en paciente s pediatricos",
    "cantidad_mensual": 5,
    "revisado": false,
    "fecha": "2026-06-22T23:37:12.887Z"
  }
},
{
  "model": "miprimerapp.perfilusuario",
  "pk": 1,
  "fields": {
    "usuario": 3,
    "rut": "11.102.739-4",
    "telefono": "",
    "horario_preferido": "cualquiera",
    "dias_disponibles": "cualquier_dia",
    "observaciones_entrega": ""
  }
},
{
  "model": "miprimerapp.perfilusuario",
  "pk": 2,
  "fields": {
    "usuario": 5,
    "rut": "",
    "telefono": "",
    "horario_preferido": "manana",
    "dias_disponibles": "martes,miercoles,jueves,sabado",
    "observaciones_entrega": "llamar por citofono"
  }
},
{
  "model": "miprimerapp.perfilusuario",
  "pk": 3,
  "fields": {
    "usuario": 1,
    "rut": "78899",
    "telefono": "",
    "horario_preferido": "cualquiera",
    "dias_disponibles": "lunes,cualquier_dia",
    "observaciones_entrega": ""
  }
},
{
  "model": "miprimerapp.perfilusuario",
  "pk": 4,
  "fields": {
    "usuario": 6,
    "rut": "",
    "telefono": "",
    "horario_preferido": "manana",
    "dias_disponibles": "martes",
    "observaciones_entrega": "decir aló"
  }
},
{
  "model": "miprimerapp.perfilusuario",
  "pk": 5,
  "fields": {
    "usuario": 10,
    "rut": "",
    "telefono": "",
    "horario_preferido": "cualquiera",
    "dias_disponibles": "cualquier_dia",
    "observaciones_entrega": ""
  }
},
{
  "model": "miprimerapp.direcciondespacho",
  "pk": 1,
  "fields": {
    "usuario": 5,
    "alias": "",
    "direccion": "18 septiembre 525",
    "ciudad": "Temuco",
    "region": "IX",
    "referencia": "",
    "principal": true
  }
},
{
  "model": "miprimerapp.direcciondespacho",
  "pk": 2,
  "fields": {
    "usuario": 1,
    "alias": "a",
    "direccion": "aaa",
    "ciudad": "Temuco",
    "region": "IX",
    "referencia": "",
    "principal": true
  }
},
{
  "model": "miprimerapp.direcciondespacho",
  "pk": 3,
  "fields": {
    "usuario": 6,
    "alias": "a",
    "direccion": "Pje. Dos 129",
    "ciudad": "Temuco",
    "region": "IX",
    "referencia": "",
    "principal": true
  }
},
{
  "model": "miprimerapp.direcciondespacho",
  "pk": 4,
  "fields": {
    "usuario": 3,
    "alias": "Casa",
    "direccion": "Pje. Dos 129",
    "ciudad": "Temuco",
    "region": "IX",
    "referencia": "",
    "principal": true
  }
},
{
  "model": "miprimerapp.direcciondespacho",
  "pk": 5,
  "fields": {
    "usuario": 3,
    "alias": "casa suegros",
    "direccion": "Los Digueñez 2334",
    "ciudad": "Temuco",
    "region": "IX",
    "referencia": "",
    "principal": false
  }
},
{
  "model": "miprimerapp.carritoitempublico",
  "pk": 19,
  "fields": {
    "usuario": 10,
    "producto": 69,
    "cantidad": 0,
    "precio_unitario": 3000,
    "agregado": "2026-06-21T19:52:04.089Z"
  }
},
{
  "model": "miprimerapp.carritoitempublico",
  "pk": 20,
  "fields": {
    "usuario": 10,
    "producto": 133,
    "cantidad": 0,
    "precio_unitario": 6400,
    "agregado": "2026-06-21T19:52:07.448Z"
  }
},
{
  "model": "miprimerapp.carritoitempublico",
  "pk": 21,
  "fields": {
    "usuario": 10,
    "producto": 15,
    "cantidad": 0,
    "precio_unitario": 4500,
    "agregado": "2026-06-21T19:52:11.595Z"
  }
},
{
  "model": "miprimerapp.carritoitempublico",
  "pk": 22,
  "fields": {
    "usuario": 10,
    "producto": 40,
    "cantidad": 0,
    "precio_unitario": 3000,
    "agregado": "2026-06-21T19:52:13.333Z"
  }
},
{
  "model": "miprimerapp.carritoitempublico",
  "pk": 23,
  "fields": {
    "usuario": 10,
    "producto": 44,
    "cantidad": 0,
    "precio_unitario": 13500,
    "agregado": "2026-06-21T19:52:14.862Z"
  }
},
{
  "model": "miprimerapp.carritoitempublico",
  "pk": 24,
  "fields": {
    "usuario": 10,
    "producto": 14,
    "cantidad": 0,
    "precio_unitario": 8000,
    "agregado": "2026-06-21T19:52:17.026Z"
  }
},
{
  "model": "miprimerapp.carritoitempublico",
  "pk": 25,
  "fields": {
    "usuario": 10,
    "producto": 113,
    "cantidad": 1,
    "precio_unitario": 7000,
    "agregado": "2026-06-21T19:52:35.146Z"
  }
},
{
  "model": "miprimerapp.solicitudpublico",
  "pk": 1,
  "fields": {
    "usuario": 3,
    "estado": "entregado",
    "pago_estado": "pendiente",
    "token_pago": null,
    "direccion": null,
    "horario": "cualquiera",
    "dias": "cualquier_dia",
    "observaciones": "",
    "total": 4500,
    "fecha_creacion": "2026-06-17T01:46:55.149Z"
  }
},
{
  "model": "miprimerapp.solicitudpublico",
  "pk": 2,
  "fields": {
    "usuario": 5,
    "estado": "devolucion",
    "pago_estado": "pendiente",
    "token_pago": null,
    "direccion": 1,
    "horario": "manana",
    "dias": "martes,miercoles,jueves,sabado",
    "observaciones": "llamar por citofono",
    "total": 4500,
    "fecha_creacion": "2026-06-18T22:35:08.641Z"
  }
},
{
  "model": "miprimerapp.solicitudpublico",
  "pk": 3,
  "fields": {
    "usuario": 1,
    "estado": "entregado",
    "pago_estado": "pendiente",
    "token_pago": null,
    "direccion": 2,
    "horario": "cualquiera",
    "dias": "lunes,cualquier_dia",
    "observaciones": "",
    "total": 27500,
    "fecha_creacion": "2026-06-19T00:51:55.289Z"
  }
},
{
  "model": "miprimerapp.solicitudpublico",
  "pk": 4,
  "fields": {
    "usuario": 6,
    "estado": "entregado",
    "pago_estado": "pendiente",
    "token_pago": null,
    "direccion": 3,
    "horario": "manana",
    "dias": "martes",
    "observaciones": "decir aló",
    "total": 2650000,
    "fecha_creacion": "2026-06-19T03:28:31.387Z"
  }
},
{
  "model": "miprimerapp.solicitudpublico",
  "pk": 5,
  "fields": {
    "usuario": 3,
    "estado": "pendiente",
    "pago_estado": "pendiente",
    "token_pago": "ece147a145e78c75144759bce95fe588",
    "direccion": 5,
    "horario": "tarde",
    "dias": "lunes,sabado,cualquier_dia",
    "observaciones": "",
    "total": 14000,
    "fecha_creacion": "2026-06-24T03:26:35.699Z"
  }
},
{
  "model": "miprimerapp.solicitudpublico",
  "pk": 6,
  "fields": {
    "usuario": 3,
    "estado": "pendiente",
    "pago_estado": "pendiente",
    "token_pago": "a97d4f62c5322b1e68c9d88376cfb69f",
    "direccion": 4,
    "horario": "tarde",
    "dias": "cualquier_dia",
    "observaciones": "",
    "total": 14000,
    "fecha_creacion": "2026-06-24T03:30:10.716Z"
  }
},
{
  "model": "miprimerapp.solicitudpublico",
  "pk": 7,
  "fields": {
    "usuario": 3,
    "estado": "pendiente",
    "pago_estado": "aprobado",
    "token_pago": "72be5bc009c1825edb57d3dc8c8bd2b4",
    "direccion": 4,
    "horario": "tarde",
    "dias": "cualquier_dia",
    "observaciones": "",
    "total": 5500,
    "fecha_creacion": "2026-06-24T03:34:16.383Z"
  }
},
{
  "model": "miprimerapp.solicitudpublico",
  "pk": 8,
  "fields": {
    "usuario": 3,
    "estado": "pendiente",
    "pago_estado": "rechazado",
    "token_pago": "142616ff7de127c9225954e8d6ad9381",
    "direccion": 4,
    "horario": "tarde",
    "dias": "cualquier_dia",
    "observaciones": "",
    "total": 16500,
    "fecha_creacion": "2026-06-24T03:35:43.561Z"
  }
},
{
  "model": "miprimerapp.solicitudpublico",
  "pk": 9,
  "fields": {
    "usuario": 3,
    "estado": "pendiente",
    "pago_estado": "aprobado",
    "token_pago": "25275e5fa090ad64239aa4c7a40098c9",
    "direccion": 4,
    "horario": "tarde",
    "dias": "cualquier_dia",
    "observaciones": "",
    "total": 5500,
    "fecha_creacion": "2026-06-24T04:04:06.873Z"
  }
},
{
  "model": "miprimerapp.solicitudpublico",
  "pk": 10,
  "fields": {
    "usuario": 3,
    "estado": "cancelado",
    "pago_estado": "rechazado",
    "token_pago": "f2bc39593b72e76bf79a8301c44c3802",
    "direccion": 4,
    "horario": "tarde",
    "dias": "cualquier_dia",
    "observaciones": "",
    "total": 5500,
    "fecha_creacion": "2026-06-24T04:04:33.767Z"
  }
},
{
  "model": "miprimerapp.solicitudpublico",
  "pk": 11,
  "fields": {
    "usuario": 3,
    "estado": "pendiente",
    "pago_estado": "aprobado",
    "token_pago": "f360c2d6ae34a95c3b0817ca72cba514",
    "direccion": 4,
    "horario": "cualquiera",
    "dias": "jueves",
    "observaciones": "",
    "total": 5500,
    "fecha_creacion": "2026-06-24T17:20:28.084Z"
  }
},
{
  "model": "miprimerapp.solicitudpublico",
  "pk": 12,
  "fields": {
    "usuario": 3,
    "estado": "pendiente",
    "pago_estado": "pendiente",
    "token_pago": "13f9954fa63d2f7aa6822aa9b1f68826",
    "direccion": 4,
    "horario": "cualquiera",
    "dias": "cualquier_dia",
    "observaciones": "",
    "total": 5500,
    "fecha_creacion": "2026-06-24T17:25:22.148Z"
  }
},
{
  "model": "miprimerapp.solicitudpublico",
  "pk": 13,
  "fields": {
    "usuario": 3,
    "estado": "pendiente",
    "pago_estado": "aprobado",
    "token_pago": "b6dba6148729c07535d06ab9079aaf7a",
    "direccion": 4,
    "horario": "cualquiera",
    "dias": "cualquier_dia",
    "observaciones": "",
    "total": 5000,
    "fecha_creacion": "2026-06-24T23:54:31.993Z"
  }
},
{
  "model": "miprimerapp.solicitudpublico",
  "pk": 14,
  "fields": {
    "usuario": 3,
    "estado": "pendiente",
    "pago_estado": "aprobado",
    "token_pago": "f86faa8e16ab2cccde63da9c51d6d3f9",
    "direccion": 4,
    "horario": "cualquiera",
    "dias": "cualquier_dia",
    "observaciones": "",
    "total": 5000,
    "fecha_creacion": "2026-06-25T00:12:16.764Z"
  }
},
{
  "model": "miprimerapp.detallesolicitudpublico",
  "pk": 1,
  "fields": {
    "solicitud": 1,
    "producto": 18,
    "cantidad": 1,
    "precio_unitario": 4500
  }
},
{
  "model": "miprimerapp.detallesolicitudpublico",
  "pk": 2,
  "fields": {
    "solicitud": 2,
    "producto": 20,
    "cantidad": 3,
    "precio_unitario": 1500
  }
},
{
  "model": "miprimerapp.detallesolicitudpublico",
  "pk": 3,
  "fields": {
    "solicitud": 3,
    "producto": 113,
    "cantidad": 5,
    "precio_unitario": 5500
  }
},
{
  "model": "miprimerapp.detallesolicitudpublico",
  "pk": 4,
  "fields": {
    "solicitud": 4,
    "producto": 49,
    "cantidad": 100,
    "precio_unitario": 6500
  }
},
{
  "model": "miprimerapp.detallesolicitudpublico",
  "pk": 5,
  "fields": {
    "solicitud": 4,
    "producto": 108,
    "cantidad": 500,
    "precio_unitario": 4000
  }
},
{
  "model": "miprimerapp.detallesolicitudpublico",
  "pk": 8,
  "fields": {
    "solicitud": 5,
    "producto": 113,
    "cantidad": 2,
    "precio_unitario": 7000
  }
},
{
  "model": "miprimerapp.detallesolicitudpublico",
  "pk": 9,
  "fields": {
    "solicitud": 6,
    "producto": 113,
    "cantidad": 2,
    "precio_unitario": 7000
  }
},
{
  "model": "miprimerapp.detallesolicitudpublico",
  "pk": 10,
  "fields": {
    "solicitud": 7,
    "producto": 93,
    "cantidad": 1,
    "precio_unitario": 5500
  }
},
{
  "model": "miprimerapp.detallesolicitudpublico",
  "pk": 11,
  "fields": {
    "solicitud": 8,
    "producto": 93,
    "cantidad": 3,
    "precio_unitario": 5500
  }
},
{
  "model": "miprimerapp.detallesolicitudpublico",
  "pk": 12,
  "fields": {
    "solicitud": 9,
    "producto": 93,
    "cantidad": 1,
    "precio_unitario": 5500
  }
},
{
  "model": "miprimerapp.detallesolicitudpublico",
  "pk": 13,
  "fields": {
    "solicitud": 10,
    "producto": 93,
    "cantidad": 1,
    "precio_unitario": 5500
  }
},
{
  "model": "miprimerapp.detallesolicitudpublico",
  "pk": 14,
  "fields": {
    "solicitud": 11,
    "producto": 93,
    "cantidad": 1,
    "precio_unitario": 5500
  }
},
{
  "model": "miprimerapp.detallesolicitudpublico",
  "pk": 15,
  "fields": {
    "solicitud": 12,
    "producto": 93,
    "cantidad": 1,
    "precio_unitario": 5500
  }
},
{
  "model": "miprimerapp.detallesolicitudpublico",
  "pk": 16,
  "fields": {
    "solicitud": 13,
    "producto": 94,
    "cantidad": 1,
    "precio_unitario": 5000
  }
},
{
  "model": "miprimerapp.detallesolicitudpublico",
  "pk": 17,
  "fields": {
    "solicitud": 14,
    "producto": 94,
    "cantidad": 1,
    "precio_unitario": 5000
  }
},
{
  "model": "miprimerapp.historialprecio",
  "pk": 1,
  "fields": {
    "producto": 14,
    "precio_anterior": 4500,
    "precio_nuevo": 8000,
    "costo_anterior": 3362,
    "costo_nuevo": 7000,
    "cambiado_por": 1,
    "fecha": "2026-06-17T04:01:30.057Z",
    "motivo": "akza oprecio proveedro"
  }
},
{
  "model": "miprimerapp.historialprecio",
  "pk": 2,
  "fields": {
    "producto": 113,
    "precio_anterior": 5500,
    "precio_nuevo": 7000,
    "costo_anterior": 3626,
    "costo_nuevo": 3626,
    "cambiado_por": 1,
    "fecha": "2026-06-20T01:33:11.971Z",
    "motivo": "alta demanda y laboratorio ya no lo fabricara mas"
  }
},
{
  "model": "miprimerapp.historialprecio",
  "pk": 3,
  "fields": {
    "producto": 20,
    "precio_anterior": 1500,
    "precio_nuevo": 2000,
    "costo_anterior": 785,
    "costo_nuevo": 785,
    "cambiado_por": 1,
    "fecha": "2026-06-22T23:49:02.150Z",
    "motivo": ""
  }
},
{
  "model": "miprimerapp.notaseguimiento",
  "pk": 1,
  "fields": {
    "mensaje": 2,
    "autor": 1,
    "canal": "whatsapp",
    "nota": "Se contacto al cliente aun no responde",
    "consulta_vinculada": null,
    "fecha": "2026-06-17T19:33:26.124Z"
  }
},
{
  "model": "miprimerapp.notaseguimiento",
  "pk": 2,
  "fields": {
    "mensaje": 2,
    "autor": 1,
    "canal": "otro",
    "nota": "Caso resuelto. paciente satisfecho, realizo compra",
    "consulta_vinculada": null,
    "fecha": "2026-06-17T19:37:20.130Z"
  }
},
{
  "model": "miprimerapp.notaseguimiento",
  "pk": 3,
  "fields": {
    "mensaje": 3,
    "autor": 1,
    "canal": "email",
    "nota": "ase contacto por wsp",
    "consulta_vinculada": null,
    "fecha": "2026-06-17T19:39:30.147Z"
  }
},
{
  "model": "miprimerapp.notaseguimiento",
  "pk": 4,
  "fields": {
    "mensaje": 3,
    "autor": 1,
    "canal": "otro",
    "nota": "Caso resuelto. paciente no comprara",
    "consulta_vinculada": null,
    "fecha": "2026-06-17T19:39:37.041Z"
  }
},
{
  "model": "miprimerapp.notaseguimiento",
  "pk": 5,
  "fields": {
    "mensaje": 4,
    "autor": 1,
    "canal": "llamada",
    "nota": "SE INTENTO 3 VECES Y NO RESPONDIO",
    "consulta_vinculada": null,
    "fecha": "2026-06-21T02:32:01.457Z"
  }
},
{
  "model": "miprimerapp.notaseguimiento",
  "pk": 6,
  "fields": {
    "mensaje": 4,
    "autor": 1,
    "canal": "whatsapp",
    "nota": "SE ENVIO WSP, VOLVER A INSISTIR MAÑANA",
    "consulta_vinculada": null,
    "fecha": "2026-06-21T02:32:17.093Z"
  }
},
{
  "model": "miprimerapp.notaseguimiento",
  "pk": 7,
  "fields": {
    "mensaje": 4,
    "autor": 1,
    "canal": "otro",
    "nota": "PACIENTE VIENE PRESENCIAL A CLINICA",
    "consulta_vinculada": null,
    "fecha": "2026-06-21T02:34:43.275Z"
  }
},
{
  "model": "miprimerapp.notaseguimiento",
  "pk": 8,
  "fields": {
    "mensaje": 8,
    "autor": 1,
    "canal": "llamada",
    "nota": "lo llame y no me contesto",
    "consulta_vinculada": null,
    "fecha": "2026-06-22T23:41:01.419Z"
  }
},
{
  "model": "miprimerapp.notaseguimiento",
  "pk": 9,
  "fields": {
    "mensaje": 8,
    "autor": 4,
    "canal": "presencial",
    "nota": "vino a la tienda",
    "consulta_vinculada": null,
    "fecha": "2026-06-22T23:55:24.694Z"
  }
},
{
  "model": "miprimerapp.notaseguimiento",
  "pk": 10,
  "fields": {
    "mensaje": 8,
    "autor": 4,
    "canal": "otro",
    "nota": "Caso resuelto. el cliente se fue conforme",
    "consulta_vinculada": null,
    "fecha": "2026-06-22T23:55:43.787Z"
  }
},
{
  "model": "miprimerapp.compraproveedor",
  "pk": 2,
  "fields": {
    "tipo": "compra",
    "proveedor": "TEST",
    "numero_factura": "11111",
    "fecha_compra": "2026-06-15",
    "flete_total": 0,
    "motivo": "",
    "registrado_por": 1,
    "creado": "2026-06-19T00:48:39.124Z"
  }
},
{
  "model": "miprimerapp.compraproveedor",
  "pk": 3,
  "fields": {
    "tipo": "compra",
    "proveedor": "Mediven SpA",
    "numero_factura": "3675795",
    "fecha_compra": "2026-05-25",
    "flete_total": 0,
    "motivo": "",
    "registrado_por": 1,
    "creado": "2026-06-22T20:18:45.723Z"
  }
},
{
  "model": "miprimerapp.compraproveedor",
  "pk": 4,
  "fields": {
    "tipo": "compra",
    "proveedor": "Mediven SpA",
    "numero_factura": "3675992",
    "fecha_compra": "2026-05-25",
    "flete_total": 0,
    "motivo": "",
    "registrado_por": 1,
    "creado": "2026-06-22T20:29:44.708Z"
  }
},
{
  "model": "miprimerapp.compraproveedor",
  "pk": 5,
  "fields": {
    "tipo": "compra",
    "proveedor": "COMERCIALIZADORA LA VERTIENTE",
    "numero_factura": "4",
    "fecha_compra": "2025-10-24",
    "flete_total": 2000,
    "motivo": "",
    "registrado_por": 1,
    "creado": "2026-06-22T20:35:57.829Z"
  }
},
{
  "model": "miprimerapp.compraproveedor",
  "pk": 6,
  "fields": {
    "tipo": "compra",
    "proveedor": "COMERCIALIZADORA LA VERTIENTE",
    "numero_factura": "5",
    "fecha_compra": "2026-03-09",
    "flete_total": 2000,
    "motivo": "",
    "registrado_por": 1,
    "creado": "2026-06-22T20:38:12.456Z"
  }
},
{
  "model": "miprimerapp.compraproveedor",
  "pk": 7,
  "fields": {
    "tipo": "compra",
    "proveedor": "Curaden Chile Spa",
    "numero_factura": "108223",
    "fecha_compra": "2026-03-26",
    "flete_total": 0,
    "motivo": "",
    "registrado_por": 1,
    "creado": "2026-06-22T20:47:28.816Z"
  }
},
{
  "model": "miprimerapp.compraproveedor",
  "pk": 8,
  "fields": {
    "tipo": "inicial",
    "proveedor": "Colgate",
    "numero_factura": "",
    "fecha_compra": "2026-06-22",
    "flete_total": 0,
    "motivo": "Muestras sin costo",
    "registrado_por": 1,
    "creado": "2026-06-22T21:29:02.141Z"
  }
},
{
  "model": "miprimerapp.compraproveedor",
  "pk": 9,
  "fields": {
    "tipo": "compra",
    "proveedor": "TEST",
    "numero_factura": "132449",
    "fecha_compra": "2026-06-16",
    "flete_total": 0,
    "motivo": "",
    "registrado_por": 1,
    "creado": "2026-06-22T22:01:56.314Z"
  }
},
{
  "model": "miprimerapp.compraproveedor",
  "pk": 10,
  "fields": {
    "tipo": "compra",
    "proveedor": "TEST",
    "numero_factura": "132448",
    "fecha_compra": "2026-06-23",
    "flete_total": 0,
    "motivo": "",
    "registrado_por": 1,
    "creado": "2026-06-22T22:03:02.720Z"
  }
},
{
  "model": "miprimerapp.compraproveedor",
  "pk": 11,
  "fields": {
    "tipo": "compra",
    "proveedor": "TEST",
    "numero_factura": "132445",
    "fecha_compra": "2026-06-22",
    "flete_total": 0,
    "motivo": "",
    "registrado_por": 1,
    "creado": "2026-06-22T22:05:14.029Z"
  }
},
{
  "model": "miprimerapp.compraproveedor",
  "pk": 12,
  "fields": {
    "tipo": "compra",
    "proveedor": "Mediven SpA",
    "numero_factura": "4",
    "fecha_compra": "2026-06-22",
    "flete_total": 3000,
    "motivo": "",
    "registrado_por": 1,
    "creado": "2026-06-22T23:45:11.067Z"
  }
},
{
  "model": "miprimerapp.lotecompra",
  "pk": 2,
  "fields": {
    "compra": 2,
    "producto": 113,
    "numero_lote": "Lote -A ",
    "fecha_vencimiento": "2026-07-31",
    "no_vence": false,
    "cantidad": 10,
    "cantidad_disponible": 0,
    "costo_unitario": 1000,
    "actualizo_precio": false,
    "notas": ""
  }
},
{
  "model": "miprimerapp.lotecompra",
  "pk": 3,
  "fields": {
    "compra": 2,
    "producto": 113,
    "numero_lote": "LoteB",
    "fecha_vencimiento": "2026-08-31",
    "no_vence": false,
    "cantidad": 10,
    "cantidad_disponible": 0,
    "costo_unitario": 1200,
    "actualizo_precio": false,
    "notas": ""
  }
},
{
  "model": "miprimerapp.lotecompra",
  "pk": 4,
  "fields": {
    "compra": 3,
    "producto": 94,
    "numero_lote": "4282PL1116",
    "fecha_vencimiento": "2027-09-30",
    "no_vence": false,
    "cantidad": 5,
    "cantidad_disponible": 3,
    "costo_unitario": 2985,
    "actualizo_precio": false,
    "notas": ""
  }
},
{
  "model": "miprimerapp.lotecompra",
  "pk": 5,
  "fields": {
    "compra": 3,
    "producto": 93,
    "numero_lote": "5237PL1136",
    "fecha_vencimiento": "2028-07-30",
    "no_vence": false,
    "cantidad": 5,
    "cantidad_disponible": 0,
    "costo_unitario": 2697,
    "actualizo_precio": false,
    "notas": ""
  }
},
{
  "model": "miprimerapp.lotecompra",
  "pk": 6,
  "fields": {
    "compra": 4,
    "producto": 2,
    "numero_lote": "102413",
    "fecha_vencimiento": "2027-10-31",
    "no_vence": false,
    "cantidad": 5,
    "cantidad_disponible": 5,
    "costo_unitario": 1403,
    "actualizo_precio": false,
    "notas": ""
  }
},
{
  "model": "miprimerapp.lotecompra",
  "pk": 7,
  "fields": {
    "compra": 4,
    "producto": 4,
    "numero_lote": "112519",
    "fecha_vencimiento": "2030-11-30",
    "no_vence": false,
    "cantidad": 3,
    "cantidad_disponible": 3,
    "costo_unitario": 1590,
    "actualizo_precio": false,
    "notas": ""
  }
},
{
  "model": "miprimerapp.lotecompra",
  "pk": 8,
  "fields": {
    "compra": 4,
    "producto": 36,
    "numero_lote": "",
    "fecha_vencimiento": null,
    "no_vence": false,
    "cantidad": 2,
    "cantidad_disponible": 2,
    "costo_unitario": 1198,
    "actualizo_precio": false,
    "notas": ""
  }
},
{
  "model": "miprimerapp.lotecompra",
  "pk": 9,
  "fields": {
    "compra": 4,
    "producto": 94,
    "numero_lote": "4315PL1116",
    "fecha_vencimiento": "2027-10-30",
    "no_vence": false,
    "cantidad": 10,
    "cantidad_disponible": 10,
    "costo_unitario": 2985,
    "actualizo_precio": false,
    "notas": ""
  }
},
{
  "model": "miprimerapp.lotecompra",
  "pk": 10,
  "fields": {
    "compra": 4,
    "producto": 93,
    "numero_lote": "5337PL1136",
    "fecha_vencimiento": "2028-07-30",
    "no_vence": false,
    "cantidad": 10,
    "cantidad_disponible": 4,
    "costo_unitario": 2697,
    "actualizo_precio": false,
    "notas": ""
  }
},
{
  "model": "miprimerapp.lotecompra",
  "pk": 11,
  "fields": {
    "compra": 4,
    "producto": 74,
    "numero_lote": "241125",
    "fecha_vencimiento": "2030-11-30",
    "no_vence": false,
    "cantidad": 7,
    "cantidad_disponible": 7,
    "costo_unitario": 1615,
    "actualizo_precio": false,
    "notas": ""
  }
},
{
  "model": "miprimerapp.lotecompra",
  "pk": 12,
  "fields": {
    "compra": 4,
    "producto": 118,
    "numero_lote": "B241012-4",
    "fecha_vencimiento": "2027-09-30",
    "no_vence": false,
    "cantidad": 6,
    "cantidad_disponible": 6,
    "costo_unitario": 3753,
    "actualizo_precio": false,
    "notas": ""
  }
},
{
  "model": "miprimerapp.lotecompra",
  "pk": 13,
  "fields": {
    "compra": 4,
    "producto": 7,
    "numero_lote": "76941",
    "fecha_vencimiento": "2028-09-30",
    "no_vence": false,
    "cantidad": 3,
    "cantidad_disponible": 3,
    "costo_unitario": 1501,
    "actualizo_precio": false,
    "notas": ""
  }
},
{
  "model": "miprimerapp.lotecompra",
  "pk": 14,
  "fields": {
    "compra": 4,
    "producto": 8,
    "numero_lote": "76939",
    "fecha_vencimiento": "2028-09-30",
    "no_vence": false,
    "cantidad": 3,
    "cantidad_disponible": 3,
    "costo_unitario": 1430,
    "actualizo_precio": false,
    "notas": ""
  }
},
{
  "model": "miprimerapp.lotecompra",
  "pk": 15,
  "fields": {
    "compra": 4,
    "producto": 57,
    "numero_lote": "5225BR121A",
    "fecha_vencimiento": "2027-08-30",
    "no_vence": false,
    "cantidad": 6,
    "cantidad_disponible": 6,
    "costo_unitario": 3014,
    "actualizo_precio": false,
    "notas": ""
  }
},
{
  "model": "miprimerapp.lotecompra",
  "pk": 16,
  "fields": {
    "compra": 4,
    "producto": 10,
    "numero_lote": "MII103",
    "fecha_vencimiento": "2028-09-30",
    "no_vence": false,
    "cantidad": 3,
    "cantidad_disponible": 3,
    "costo_unitario": 2138,
    "actualizo_precio": false,
    "notas": ""
  }
},
{
  "model": "miprimerapp.lotecompra",
  "pk": 17,
  "fields": {
    "compra": 5,
    "producto": 38,
    "numero_lote": "Sin_lote",
    "fecha_vencimiento": null,
    "no_vence": true,
    "cantidad": 3,
    "cantidad_disponible": 3,
    "costo_unitario": 1536,
    "actualizo_precio": false,
    "notas": ""
  }
},
{
  "model": "miprimerapp.lotecompra",
  "pk": 18,
  "fields": {
    "compra": 5,
    "producto": 78,
    "numero_lote": "sin_lote",
    "fecha_vencimiento": null,
    "no_vence": true,
    "cantidad": 3,
    "cantidad_disponible": 3,
    "costo_unitario": 1826,
    "actualizo_precio": false,
    "notas": ""
  }
},
{
  "model": "miprimerapp.lotecompra",
  "pk": 19,
  "fields": {
    "compra": 6,
    "producto": 77,
    "numero_lote": "",
    "fecha_vencimiento": null,
    "no_vence": false,
    "cantidad": 3,
    "cantidad_disponible": 3,
    "costo_unitario": 2289,
    "actualizo_precio": false,
    "notas": ""
  }
},
{
  "model": "miprimerapp.lotecompra",
  "pk": 20,
  "fields": {
    "compra": 7,
    "producto": 116,
    "numero_lote": "",
    "fecha_vencimiento": null,
    "no_vence": false,
    "cantidad": 24,
    "cantidad_disponible": 24,
    "costo_unitario": 6161,
    "actualizo_precio": false,
    "notas": ""
  }
},
{
  "model": "miprimerapp.lotecompra",
  "pk": 21,
  "fields": {
    "compra": 7,
    "producto": 13,
    "numero_lote": "",
    "fecha_vencimiento": null,
    "no_vence": false,
    "cantidad": 72,
    "cantidad_disponible": 72,
    "costo_unitario": 2990,
    "actualizo_precio": false,
    "notas": ""
  }
},
{
  "model": "miprimerapp.lotecompra",
  "pk": 22,
  "fields": {
    "compra": 7,
    "producto": 16,
    "numero_lote": "",
    "fecha_vencimiento": null,
    "no_vence": false,
    "cantidad": 36,
    "cantidad_disponible": 36,
    "costo_unitario": 2990,
    "actualizo_precio": false,
    "notas": ""
  }
},
{
  "model": "miprimerapp.lotecompra",
  "pk": 23,
  "fields": {
    "compra": 8,
    "producto": 95,
    "numero_lote": "no_tiene",
    "fecha_vencimiento": "2027-12-21",
    "no_vence": false,
    "cantidad": 30,
    "cantidad_disponible": 30,
    "costo_unitario": 0,
    "actualizo_precio": false,
    "notas": ""
  }
},
{
  "model": "miprimerapp.lotecompra",
  "pk": 24,
  "fields": {
    "compra": 9,
    "producto": 20,
    "numero_lote": "test-01",
    "fecha_vencimiento": "2027-04-03",
    "no_vence": false,
    "cantidad": 5,
    "cantidad_disponible": 5,
    "costo_unitario": 1000,
    "actualizo_precio": false,
    "notas": ""
  }
},
{
  "model": "miprimerapp.lotecompra",
  "pk": 25,
  "fields": {
    "compra": 10,
    "producto": 35,
    "numero_lote": "z3456",
    "fecha_vencimiento": "2200-12-12",
    "no_vence": false,
    "cantidad": 2,
    "cantidad_disponible": 2,
    "costo_unitario": 1234,
    "actualizo_precio": false,
    "notas": ""
  }
},
{
  "model": "miprimerapp.lotecompra",
  "pk": 26,
  "fields": {
    "compra": 11,
    "producto": 120,
    "numero_lote": "sin_lote",
    "fecha_vencimiento": "2027-04-30",
    "no_vence": false,
    "cantidad": 2,
    "cantidad_disponible": 2,
    "costo_unitario": 1000,
    "actualizo_precio": false,
    "notas": ""
  }
},
{
  "model": "miprimerapp.lotecompra",
  "pk": 27,
  "fields": {
    "compra": 12,
    "producto": 124,
    "numero_lote": "sin_lote",
    "fecha_vencimiento": null,
    "no_vence": true,
    "cantidad": 2,
    "cantidad_disponible": 2,
    "costo_unitario": 2000,
    "actualizo_precio": false,
    "notas": ""
  }
},
{
  "model": "miprimerapp.detalleloteventa",
  "pk": 1,
  "fields": {
    "lote": 2,
    "cantidad": 5,
    "detalle_pedido": null,
    "detalle_solicitud": 3,
    "fecha": "2026-06-19T00:51:55.352Z"
  }
},
{
  "model": "miprimerapp.detalleloteventa",
  "pk": 4,
  "fields": {
    "lote": 2,
    "cantidad": 2,
    "detalle_pedido": 19,
    "detalle_solicitud": null,
    "fecha": "2026-06-24T01:58:30.080Z"
  }
},
{
  "model": "miprimerapp.detalleloteventa",
  "pk": 5,
  "fields": {
    "lote": 3,
    "cantidad": 6,
    "detalle_pedido": 19,
    "detalle_solicitud": null,
    "fecha": "2026-06-24T01:58:30.080Z"
  }
},
{
  "model": "miprimerapp.detalleloteventa",
  "pk": 6,
  "fields": {
    "lote": 3,
    "cantidad": 2,
    "detalle_pedido": null,
    "detalle_solicitud": 8,
    "fecha": "2026-06-24T03:26:35.704Z"
  }
},
{
  "model": "miprimerapp.detalleloteventa",
  "pk": 7,
  "fields": {
    "lote": 3,
    "cantidad": 2,
    "detalle_pedido": null,
    "detalle_solicitud": 9,
    "fecha": "2026-06-24T03:30:10.721Z"
  }
},
{
  "model": "miprimerapp.detalleloteventa",
  "pk": 8,
  "fields": {
    "lote": 5,
    "cantidad": 1,
    "detalle_pedido": null,
    "detalle_solicitud": 10,
    "fecha": "2026-06-24T03:34:16.388Z"
  }
},
{
  "model": "miprimerapp.detalleloteventa",
  "pk": 9,
  "fields": {
    "lote": 5,
    "cantidad": 1,
    "detalle_pedido": null,
    "detalle_solicitud": 11,
    "fecha": "2026-06-24T03:35:43.566Z"
  }
},
{
  "model": "miprimerapp.detalleloteventa",
  "pk": 10,
  "fields": {
    "lote": 10,
    "cantidad": 2,
    "detalle_pedido": null,
    "detalle_solicitud": 11,
    "fecha": "2026-06-24T03:35:43.567Z"
  }
},
{
  "model": "miprimerapp.detalleloteventa",
  "pk": 11,
  "fields": {
    "lote": 10,
    "cantidad": 1,
    "detalle_pedido": null,
    "detalle_solicitud": 12,
    "fecha": "2026-06-24T04:04:06.880Z"
  }
},
{
  "model": "miprimerapp.detalleloteventa",
  "pk": 12,
  "fields": {
    "lote": 10,
    "cantidad": 1,
    "detalle_pedido": null,
    "detalle_solicitud": 13,
    "fecha": "2026-06-24T04:04:33.773Z"
  }
},
{
  "model": "miprimerapp.detalleloteventa",
  "pk": 13,
  "fields": {
    "lote": 10,
    "cantidad": 1,
    "detalle_pedido": null,
    "detalle_solicitud": 14,
    "fecha": "2026-06-24T17:20:28.102Z"
  }
},
{
  "model": "miprimerapp.detalleloteventa",
  "pk": 14,
  "fields": {
    "lote": 10,
    "cantidad": 1,
    "detalle_pedido": null,
    "detalle_solicitud": 15,
    "fecha": "2026-06-24T17:25:22.165Z"
  }
},
{
  "model": "miprimerapp.detalleloteventa",
  "pk": 15,
  "fields": {
    "lote": 4,
    "cantidad": 1,
    "detalle_pedido": null,
    "detalle_solicitud": 16,
    "fecha": "2026-06-24T23:54:32.001Z"
  }
},
{
  "model": "miprimerapp.detalleloteventa",
  "pk": 16,
  "fields": {
    "lote": 4,
    "cantidad": 1,
    "detalle_pedido": null,
    "detalle_solicitud": 17,
    "fecha": "2026-06-25T00:12:16.779Z"
  }
},
{
  "model": "admin.logentry",
  "pk": 1,
  "fields": {
    "action_time": "2026-06-17T02:27:19.369Z",
    "user": 1,
    "content_type": 2,
    "object_id": "1",
    "object_repr": "ADM",
    "action_flag": 1,
    "change_message": "[{\"added\": {}}]"
  }
},
{
  "model": "admin.logentry",
  "pk": 2,
  "fields": {
    "action_time": "2026-06-17T02:27:32.191Z",
    "user": 1,
    "content_type": 2,
    "object_id": "2",
    "object_repr": "Gestor",
    "action_flag": 1,
    "change_message": "[{\"added\": {}}]"
  }
},
{
  "model": "admin.logentry",
  "pk": 3,
  "fields": {
    "action_time": "2026-06-17T02:27:39.758Z",
    "user": 1,
    "content_type": 2,
    "object_id": "3",
    "object_repr": "Cliente",
    "action_flag": 1,
    "change_message": "[{\"added\": {}}]"
  }
},
{
  "model": "admin.logentry",
  "pk": 4,
  "fields": {
    "action_time": "2026-06-17T02:29:26.877Z",
    "user": 1,
    "content_type": 4,
    "object_id": "1",
    "object_repr": "admin",
    "action_flag": 2,
    "change_message": "[{\"changed\": {\"fields\": [\"Groups\"]}}]"
  }
},
{
  "model": "auth.permission",
  "pk": 1,
  "fields": {
    "name": "Can add log entry",
    "content_type": 1,
    "codename": "add_logentry"
  }
},
{
  "model": "auth.permission",
  "pk": 2,
  "fields": {
    "name": "Can change log entry",
    "content_type": 1,
    "codename": "change_logentry"
  }
},
{
  "model": "auth.permission",
  "pk": 3,
  "fields": {
    "name": "Can delete log entry",
    "content_type": 1,
    "codename": "delete_logentry"
  }
},
{
  "model": "auth.permission",
  "pk": 4,
  "fields": {
    "name": "Can view log entry",
    "content_type": 1,
    "codename": "view_logentry"
  }
},
{
  "model": "auth.permission",
  "pk": 5,
  "fields": {
    "name": "Can add permission",
    "content_type": 3,
    "codename": "add_permission"
  }
},
{
  "model": "auth.permission",
  "pk": 6,
  "fields": {
    "name": "Can change permission",
    "content_type": 3,
    "codename": "change_permission"
  }
},
{
  "model": "auth.permission",
  "pk": 7,
  "fields": {
    "name": "Can delete permission",
    "content_type": 3,
    "codename": "delete_permission"
  }
},
{
  "model": "auth.permission",
  "pk": 8,
  "fields": {
    "name": "Can view permission",
    "content_type": 3,
    "codename": "view_permission"
  }
},
{
  "model": "auth.permission",
  "pk": 9,
  "fields": {
    "name": "Can add group",
    "content_type": 2,
    "codename": "add_group"
  }
},
{
  "model": "auth.permission",
  "pk": 10,
  "fields": {
    "name": "Can change group",
    "content_type": 2,
    "codename": "change_group"
  }
},
{
  "model": "auth.permission",
  "pk": 11,
  "fields": {
    "name": "Can delete group",
    "content_type": 2,
    "codename": "delete_group"
  }
},
{
  "model": "auth.permission",
  "pk": 12,
  "fields": {
    "name": "Can view group",
    "content_type": 2,
    "codename": "view_group"
  }
},
{
  "model": "auth.permission",
  "pk": 13,
  "fields": {
    "name": "Can add user",
    "content_type": 4,
    "codename": "add_user"
  }
},
{
  "model": "auth.permission",
  "pk": 14,
  "fields": {
    "name": "Can change user",
    "content_type": 4,
    "codename": "change_user"
  }
},
{
  "model": "auth.permission",
  "pk": 15,
  "fields": {
    "name": "Can delete user",
    "content_type": 4,
    "codename": "delete_user"
  }
},
{
  "model": "auth.permission",
  "pk": 16,
  "fields": {
    "name": "Can view user",
    "content_type": 4,
    "codename": "view_user"
  }
},
{
  "model": "auth.permission",
  "pk": 17,
  "fields": {
    "name": "Can add content type",
    "content_type": 5,
    "codename": "add_contenttype"
  }
},
{
  "model": "auth.permission",
  "pk": 18,
  "fields": {
    "name": "Can change content type",
    "content_type": 5,
    "codename": "change_contenttype"
  }
},
{
  "model": "auth.permission",
  "pk": 19,
  "fields": {
    "name": "Can delete content type",
    "content_type": 5,
    "codename": "delete_contenttype"
  }
},
{
  "model": "auth.permission",
  "pk": 20,
  "fields": {
    "name": "Can view content type",
    "content_type": 5,
    "codename": "view_contenttype"
  }
},
{
  "model": "auth.permission",
  "pk": 21,
  "fields": {
    "name": "Can add session",
    "content_type": 6,
    "codename": "add_session"
  }
},
{
  "model": "auth.permission",
  "pk": 22,
  "fields": {
    "name": "Can change session",
    "content_type": 6,
    "codename": "change_session"
  }
},
{
  "model": "auth.permission",
  "pk": 23,
  "fields": {
    "name": "Can delete session",
    "content_type": 6,
    "codename": "delete_session"
  }
},
{
  "model": "auth.permission",
  "pk": 24,
  "fields": {
    "name": "Can view session",
    "content_type": 6,
    "codename": "view_session"
  }
},
{
  "model": "auth.permission",
  "pk": 25,
  "fields": {
    "name": "Can add Categoría",
    "content_type": 8,
    "codename": "add_categoria"
  }
},
{
  "model": "auth.permission",
  "pk": 26,
  "fields": {
    "name": "Can change Categoría",
    "content_type": 8,
    "codename": "change_categoria"
  }
},
{
  "model": "auth.permission",
  "pk": 27,
  "fields": {
    "name": "Can delete Categoría",
    "content_type": 8,
    "codename": "delete_categoria"
  }
},
{
  "model": "auth.permission",
  "pk": 28,
  "fields": {
    "name": "Can view Categoría",
    "content_type": 8,
    "codename": "view_categoria"
  }
},
{
  "model": "auth.permission",
  "pk": 29,
  "fields": {
    "name": "Can add Producto",
    "content_type": 14,
    "codename": "add_producto"
  }
},
{
  "model": "auth.permission",
  "pk": 30,
  "fields": {
    "name": "Can change Producto",
    "content_type": 14,
    "codename": "change_producto"
  }
},
{
  "model": "auth.permission",
  "pk": 31,
  "fields": {
    "name": "Can delete Producto",
    "content_type": 14,
    "codename": "delete_producto"
  }
},
{
  "model": "auth.permission",
  "pk": 32,
  "fields": {
    "name": "Can view Producto",
    "content_type": 14,
    "codename": "view_producto"
  }
},
{
  "model": "auth.permission",
  "pk": 33,
  "fields": {
    "name": "Can add Mensaje de contacto",
    "content_type": 10,
    "codename": "add_consultacontacto"
  }
},
{
  "model": "auth.permission",
  "pk": 34,
  "fields": {
    "name": "Can change Mensaje de contacto",
    "content_type": 10,
    "codename": "change_consultacontacto"
  }
},
{
  "model": "auth.permission",
  "pk": 35,
  "fields": {
    "name": "Can delete Mensaje de contacto",
    "content_type": 10,
    "codename": "delete_consultacontacto"
  }
},
{
  "model": "auth.permission",
  "pk": 36,
  "fields": {
    "name": "Can view Mensaje de contacto",
    "content_type": 10,
    "codename": "view_consultacontacto"
  }
},
{
  "model": "auth.permission",
  "pk": 37,
  "fields": {
    "name": "Can add Clínica",
    "content_type": 9,
    "codename": "add_clinica"
  }
},
{
  "model": "auth.permission",
  "pk": 38,
  "fields": {
    "name": "Can change Clínica",
    "content_type": 9,
    "codename": "change_clinica"
  }
},
{
  "model": "auth.permission",
  "pk": 39,
  "fields": {
    "name": "Can delete Clínica",
    "content_type": 9,
    "codename": "delete_clinica"
  }
},
{
  "model": "auth.permission",
  "pk": 40,
  "fields": {
    "name": "Can view Clínica",
    "content_type": 9,
    "codename": "view_clinica"
  }
},
{
  "model": "auth.permission",
  "pk": 41,
  "fields": {
    "name": "Can add Pedido",
    "content_type": 13,
    "codename": "add_pedido"
  }
},
{
  "model": "auth.permission",
  "pk": 42,
  "fields": {
    "name": "Can change Pedido",
    "content_type": 13,
    "codename": "change_pedido"
  }
},
{
  "model": "auth.permission",
  "pk": 43,
  "fields": {
    "name": "Can delete Pedido",
    "content_type": 13,
    "codename": "delete_pedido"
  }
},
{
  "model": "auth.permission",
  "pk": 44,
  "fields": {
    "name": "Can view Pedido",
    "content_type": 13,
    "codename": "view_pedido"
  }
},
{
  "model": "auth.permission",
  "pk": 45,
  "fields": {
    "name": "Can add Detalle de pedido",
    "content_type": 11,
    "codename": "add_detallepedido"
  }
},
{
  "model": "auth.permission",
  "pk": 46,
  "fields": {
    "name": "Can change Detalle de pedido",
    "content_type": 11,
    "codename": "change_detallepedido"
  }
},
{
  "model": "auth.permission",
  "pk": 47,
  "fields": {
    "name": "Can delete Detalle de pedido",
    "content_type": 11,
    "codename": "delete_detallepedido"
  }
},
{
  "model": "auth.permission",
  "pk": 48,
  "fields": {
    "name": "Can view Detalle de pedido",
    "content_type": 11,
    "codename": "view_detallepedido"
  }
},
{
  "model": "auth.permission",
  "pk": 49,
  "fields": {
    "name": "Can add Historial de estado",
    "content_type": 12,
    "codename": "add_historialestado"
  }
},
{
  "model": "auth.permission",
  "pk": 50,
  "fields": {
    "name": "Can change Historial de estado",
    "content_type": 12,
    "codename": "change_historialestado"
  }
},
{
  "model": "auth.permission",
  "pk": 51,
  "fields": {
    "name": "Can delete Historial de estado",
    "content_type": 12,
    "codename": "delete_historialestado"
  }
},
{
  "model": "auth.permission",
  "pk": 52,
  "fields": {
    "name": "Can view Historial de estado",
    "content_type": 12,
    "codename": "view_historialestado"
  }
},
{
  "model": "auth.permission",
  "pk": 53,
  "fields": {
    "name": "Can add Ítem de carrito",
    "content_type": 7,
    "codename": "add_carritoitem"
  }
},
{
  "model": "auth.permission",
  "pk": 54,
  "fields": {
    "name": "Can change Ítem de carrito",
    "content_type": 7,
    "codename": "change_carritoitem"
  }
},
{
  "model": "auth.permission",
  "pk": 55,
  "fields": {
    "name": "Can delete Ítem de carrito",
    "content_type": 7,
    "codename": "delete_carritoitem"
  }
},
{
  "model": "auth.permission",
  "pk": 56,
  "fields": {
    "name": "Can view Ítem de carrito",
    "content_type": 7,
    "codename": "view_carritoitem"
  }
},
{
  "model": "auth.permission",
  "pk": 57,
  "fields": {
    "name": "Can add Stock mínimo",
    "content_type": 18,
    "codename": "add_stockminimo"
  }
},
{
  "model": "auth.permission",
  "pk": 58,
  "fields": {
    "name": "Can change Stock mínimo",
    "content_type": 18,
    "codename": "change_stockminimo"
  }
},
{
  "model": "auth.permission",
  "pk": 59,
  "fields": {
    "name": "Can delete Stock mínimo",
    "content_type": 18,
    "codename": "delete_stockminimo"
  }
},
{
  "model": "auth.permission",
  "pk": 60,
  "fields": {
    "name": "Can view Stock mínimo",
    "content_type": 18,
    "codename": "view_stockminimo"
  }
},
{
  "model": "auth.permission",
  "pk": 61,
  "fields": {
    "name": "Can add Venta de stock",
    "content_type": 19,
    "codename": "add_ventastock"
  }
},
{
  "model": "auth.permission",
  "pk": 62,
  "fields": {
    "name": "Can change Venta de stock",
    "content_type": 19,
    "codename": "change_ventastock"
  }
},
{
  "model": "auth.permission",
  "pk": 63,
  "fields": {
    "name": "Can delete Venta de stock",
    "content_type": 19,
    "codename": "delete_ventastock"
  }
},
{
  "model": "auth.permission",
  "pk": 64,
  "fields": {
    "name": "Can view Venta de stock",
    "content_type": 19,
    "codename": "view_ventastock"
  }
},
{
  "model": "auth.permission",
  "pk": 65,
  "fields": {
    "name": "Can add Producto sugerido",
    "content_type": 17,
    "codename": "add_productosugerido"
  }
},
{
  "model": "auth.permission",
  "pk": 66,
  "fields": {
    "name": "Can change Producto sugerido",
    "content_type": 17,
    "codename": "change_productosugerido"
  }
},
{
  "model": "auth.permission",
  "pk": 67,
  "fields": {
    "name": "Can delete Producto sugerido",
    "content_type": 17,
    "codename": "delete_productosugerido"
  }
},
{
  "model": "auth.permission",
  "pk": 68,
  "fields": {
    "name": "Can view Producto sugerido",
    "content_type": 17,
    "codename": "view_productosugerido"
  }
},
{
  "model": "auth.permission",
  "pk": 69,
  "fields": {
    "name": "Can add Personal de clínica",
    "content_type": 16,
    "codename": "add_personalclinica"
  }
},
{
  "model": "auth.permission",
  "pk": 70,
  "fields": {
    "name": "Can change Personal de clínica",
    "content_type": 16,
    "codename": "change_personalclinica"
  }
},
{
  "model": "auth.permission",
  "pk": 71,
  "fields": {
    "name": "Can delete Personal de clínica",
    "content_type": 16,
    "codename": "delete_personalclinica"
  }
},
{
  "model": "auth.permission",
  "pk": 72,
  "fields": {
    "name": "Can view Personal de clínica",
    "content_type": 16,
    "codename": "view_personalclinica"
  }
},
{
  "model": "auth.permission",
  "pk": 73,
  "fields": {
    "name": "Can add Ajuste de inventario",
    "content_type": 15,
    "codename": "add_ajusteinventario"
  }
},
{
  "model": "auth.permission",
  "pk": 74,
  "fields": {
    "name": "Can change Ajuste de inventario",
    "content_type": 15,
    "codename": "change_ajusteinventario"
  }
},
{
  "model": "auth.permission",
  "pk": 75,
  "fields": {
    "name": "Can delete Ajuste de inventario",
    "content_type": 15,
    "codename": "delete_ajusteinventario"
  }
},
{
  "model": "auth.permission",
  "pk": 76,
  "fields": {
    "name": "Can view Ajuste de inventario",
    "content_type": 15,
    "codename": "view_ajusteinventario"
  }
},
{
  "model": "auth.permission",
  "pk": 77,
  "fields": {
    "name": "Can add Dirección de despacho",
    "content_type": 22,
    "codename": "add_direcciondespacho"
  }
},
{
  "model": "auth.permission",
  "pk": 78,
  "fields": {
    "name": "Can change Dirección de despacho",
    "content_type": 22,
    "codename": "change_direcciondespacho"
  }
},
{
  "model": "auth.permission",
  "pk": 79,
  "fields": {
    "name": "Can delete Dirección de despacho",
    "content_type": 22,
    "codename": "delete_direcciondespacho"
  }
},
{
  "model": "auth.permission",
  "pk": 80,
  "fields": {
    "name": "Can view Dirección de despacho",
    "content_type": 22,
    "codename": "view_direcciondespacho"
  }
},
{
  "model": "auth.permission",
  "pk": 81,
  "fields": {
    "name": "Can add Solicitud público",
    "content_type": 24,
    "codename": "add_solicitudpublico"
  }
},
{
  "model": "auth.permission",
  "pk": 82,
  "fields": {
    "name": "Can change Solicitud público",
    "content_type": 24,
    "codename": "change_solicitudpublico"
  }
},
{
  "model": "auth.permission",
  "pk": 83,
  "fields": {
    "name": "Can delete Solicitud público",
    "content_type": 24,
    "codename": "delete_solicitudpublico"
  }
},
{
  "model": "auth.permission",
  "pk": 84,
  "fields": {
    "name": "Can view Solicitud público",
    "content_type": 24,
    "codename": "view_solicitudpublico"
  }
},
{
  "model": "auth.permission",
  "pk": 85,
  "fields": {
    "name": "Can add Ítem carrito público",
    "content_type": 20,
    "codename": "add_carritoitempublico"
  }
},
{
  "model": "auth.permission",
  "pk": 86,
  "fields": {
    "name": "Can change Ítem carrito público",
    "content_type": 20,
    "codename": "change_carritoitempublico"
  }
},
{
  "model": "auth.permission",
  "pk": 87,
  "fields": {
    "name": "Can delete Ítem carrito público",
    "content_type": 20,
    "codename": "delete_carritoitempublico"
  }
},
{
  "model": "auth.permission",
  "pk": 88,
  "fields": {
    "name": "Can view Ítem carrito público",
    "content_type": 20,
    "codename": "view_carritoitempublico"
  }
},
{
  "model": "auth.permission",
  "pk": 89,
  "fields": {
    "name": "Can add detalle solicitud publico",
    "content_type": 21,
    "codename": "add_detallesolicitudpublico"
  }
},
{
  "model": "auth.permission",
  "pk": 90,
  "fields": {
    "name": "Can change detalle solicitud publico",
    "content_type": 21,
    "codename": "change_detallesolicitudpublico"
  }
},
{
  "model": "auth.permission",
  "pk": 91,
  "fields": {
    "name": "Can delete detalle solicitud publico",
    "content_type": 21,
    "codename": "delete_detallesolicitudpublico"
  }
},
{
  "model": "auth.permission",
  "pk": 92,
  "fields": {
    "name": "Can view detalle solicitud publico",
    "content_type": 21,
    "codename": "view_detallesolicitudpublico"
  }
},
{
  "model": "auth.permission",
  "pk": 93,
  "fields": {
    "name": "Can add Perfil de usuario",
    "content_type": 23,
    "codename": "add_perfilusuario"
  }
},
{
  "model": "auth.permission",
  "pk": 94,
  "fields": {
    "name": "Can change Perfil de usuario",
    "content_type": 23,
    "codename": "change_perfilusuario"
  }
},
{
  "model": "auth.permission",
  "pk": 95,
  "fields": {
    "name": "Can delete Perfil de usuario",
    "content_type": 23,
    "codename": "delete_perfilusuario"
  }
},
{
  "model": "auth.permission",
  "pk": 96,
  "fields": {
    "name": "Can view Perfil de usuario",
    "content_type": 23,
    "codename": "view_perfilusuario"
  }
},
{
  "model": "auth.permission",
  "pk": 97,
  "fields": {
    "name": "Can add Historial de precio",
    "content_type": 25,
    "codename": "add_historialprecio"
  }
},
{
  "model": "auth.permission",
  "pk": 98,
  "fields": {
    "name": "Can change Historial de precio",
    "content_type": 25,
    "codename": "change_historialprecio"
  }
},
{
  "model": "auth.permission",
  "pk": 99,
  "fields": {
    "name": "Can delete Historial de precio",
    "content_type": 25,
    "codename": "delete_historialprecio"
  }
},
{
  "model": "auth.permission",
  "pk": 100,
  "fields": {
    "name": "Can view Historial de precio",
    "content_type": 25,
    "codename": "view_historialprecio"
  }
},
{
  "model": "auth.permission",
  "pk": 101,
  "fields": {
    "name": "Can add Nota de seguimiento",
    "content_type": 26,
    "codename": "add_notaseguimiento"
  }
},
{
  "model": "auth.permission",
  "pk": 102,
  "fields": {
    "name": "Can change Nota de seguimiento",
    "content_type": 26,
    "codename": "change_notaseguimiento"
  }
},
{
  "model": "auth.permission",
  "pk": 103,
  "fields": {
    "name": "Can delete Nota de seguimiento",
    "content_type": 26,
    "codename": "delete_notaseguimiento"
  }
},
{
  "model": "auth.permission",
  "pk": 104,
  "fields": {
    "name": "Can view Nota de seguimiento",
    "content_type": 26,
    "codename": "view_notaseguimiento"
  }
},
{
  "model": "auth.permission",
  "pk": 105,
  "fields": {
    "name": "Can add Lote de compra",
    "content_type": 28,
    "codename": "add_lotecompra"
  }
},
{
  "model": "auth.permission",
  "pk": 106,
  "fields": {
    "name": "Can change Lote de compra",
    "content_type": 28,
    "codename": "change_lotecompra"
  }
},
{
  "model": "auth.permission",
  "pk": 107,
  "fields": {
    "name": "Can delete Lote de compra",
    "content_type": 28,
    "codename": "delete_lotecompra"
  }
},
{
  "model": "auth.permission",
  "pk": 108,
  "fields": {
    "name": "Can view Lote de compra",
    "content_type": 28,
    "codename": "view_lotecompra"
  }
},
{
  "model": "auth.permission",
  "pk": 109,
  "fields": {
    "name": "Can add Compra a proveedor",
    "content_type": 27,
    "codename": "add_compraproveedor"
  }
},
{
  "model": "auth.permission",
  "pk": 110,
  "fields": {
    "name": "Can change Compra a proveedor",
    "content_type": 27,
    "codename": "change_compraproveedor"
  }
},
{
  "model": "auth.permission",
  "pk": 111,
  "fields": {
    "name": "Can delete Compra a proveedor",
    "content_type": 27,
    "codename": "delete_compraproveedor"
  }
},
{
  "model": "auth.permission",
  "pk": 112,
  "fields": {
    "name": "Can view Compra a proveedor",
    "content_type": 27,
    "codename": "view_compraproveedor"
  }
},
{
  "model": "auth.permission",
  "pk": 113,
  "fields": {
    "name": "Can add Detalle de lote en venta",
    "content_type": 29,
    "codename": "add_detalleloteventa"
  }
},
{
  "model": "auth.permission",
  "pk": 114,
  "fields": {
    "name": "Can change Detalle de lote en venta",
    "content_type": 29,
    "codename": "change_detalleloteventa"
  }
},
{
  "model": "auth.permission",
  "pk": 115,
  "fields": {
    "name": "Can delete Detalle de lote en venta",
    "content_type": 29,
    "codename": "delete_detalleloteventa"
  }
},
{
  "model": "auth.permission",
  "pk": 116,
  "fields": {
    "name": "Can view Detalle de lote en venta",
    "content_type": 29,
    "codename": "view_detalleloteventa"
  }
},
{
  "model": "auth.group",
  "pk": 1,
  "fields": {
    "name": "ADM",
    "permissions": []
  }
},
{
  "model": "auth.group",
  "pk": 2,
  "fields": {
    "name": "Gestor",
    "permissions": []
  }
},
{
  "model": "auth.group",
  "pk": 3,
  "fields": {
    "name": "Cliente",
    "permissions": []
  }
},
{
  "model": "auth.user",
  "pk": 1,
  "fields": {
    "password": "pbkdf2_sha256$1200000$vk6vq2rRpeoSSME7xLydW3$Q2+JJqPgrIiTETgPuCt4/zcJhqChrgK3vYEUFHQKnKM=",
    "last_login": "2026-06-25T00:13:37.342Z",
    "is_superuser": true,
    "username": "admin",
    "first_name": "",
    "last_name": "",
    "email": "",
    "is_staff": true,
    "is_active": true,
    "date_joined": "2026-06-16T04:05:25Z",
    "groups": [
      1
    ],
    "user_permissions": []
  }
},
{
  "model": "auth.user",
  "pk": 2,
  "fields": {
    "password": "pbkdf2_sha256$1200000$OyUt0nm4LMTkX8Q3ZEhdCa$hJtfpAHxNazuZRF+OJRk89+7DKYIGIfpzFGMDirmfSA=",
    "last_login": "2026-06-24T17:31:02.026Z",
    "is_superuser": false,
    "username": "Valentina",
    "first_name": "Valentina",
    "last_name": "Osorio",
    "email": "ve.osoriovega@gmail.com",
    "is_staff": false,
    "is_active": true,
    "date_joined": "2026-06-16T12:25:24.839Z",
    "groups": [
      3
    ],
    "user_permissions": []
  }
},
{
  "model": "auth.user",
  "pk": 3,
  "fields": {
    "password": "pbkdf2_sha256$1200000$SgLyVx6GXpc2Yn0yrVwR03$RO9dRhbkoStrZuQobFMHxpLjwYthFc0W3JpWF/CV3N4=",
    "last_login": "2026-06-24T23:53:30.275Z",
    "is_superuser": false,
    "username": "Eloisa",
    "first_name": "Eloisa",
    "last_name": "Vega",
    "email": "ve.osoriovega@gmail.com",
    "is_staff": false,
    "is_active": true,
    "date_joined": "2026-06-16T22:32:26.847Z",
    "groups": [
      3
    ],
    "user_permissions": []
  }
},
{
  "model": "auth.user",
  "pk": 4,
  "fields": {
    "password": "pbkdf2_sha256$1200000$ChalAqSIGXKna2f39zjTIc$v4mxuujsxTyH8FuROScpZqscyVEQWXGMmsMOnHelx58=",
    "last_login": "2026-06-22T23:53:34.504Z",
    "is_superuser": false,
    "username": "gestor_prueba",
    "first_name": "Gestor",
    "last_name": "Prueba",
    "email": "gestor@limpiasonrisas.cl",
    "is_staff": false,
    "is_active": true,
    "date_joined": "2026-06-17T20:37:24.071Z",
    "groups": [
      2
    ],
    "user_permissions": []
  }
},
{
  "model": "auth.user",
  "pk": 5,
  "fields": {
    "password": "pbkdf2_sha256$1200000$D4qUHWc2tldWCuv2GnObew$H+hxf/DHn3Ak86ALWplkHp56TN+YsHniMpsPCtCcSpQ=",
    "last_login": "2026-06-18T22:30:29.929Z",
    "is_superuser": false,
    "username": "Maca",
    "first_name": "Macarena",
    "last_name": "Vidal",
    "email": "macarena.vidal.coronado@gmail.com",
    "is_staff": false,
    "is_active": true,
    "date_joined": "2026-06-18T22:30:29.120Z",
    "groups": [],
    "user_permissions": []
  }
},
{
  "model": "auth.user",
  "pk": 6,
  "fields": {
    "password": "pbkdf2_sha256$1200000$xjk9puygMBLBK3kt0vq3oO$zdsf2qqrg43gNWLk6XBLGgTTABO4tE/+D5cMQ/vN5/o=",
    "last_login": "2026-06-19T03:25:09.102Z",
    "is_superuser": false,
    "username": "Rodrigo",
    "first_name": "Rodrigo",
    "last_name": "Valderrama",
    "email": "rodrigo.ivr93@gmail.com",
    "is_staff": false,
    "is_active": true,
    "date_joined": "2026-06-19T03:25:08.636Z",
    "groups": [],
    "user_permissions": []
  }
},
{
  "model": "auth.user",
  "pk": 10,
  "fields": {
    "password": "pbkdf2_sha256$1200000$c1Qnq0bb70Bv5wEhA01YGx$BMrkDVYSB8ODToCAt8U9RnlB70d1pKiw3Et/7eYSXeQ=",
    "last_login": "2026-06-21T19:51:40.572Z",
    "is_superuser": false,
    "username": "emival",
    "first_name": "Emilia",
    "last_name": "Valderrama",
    "email": "equivalde@gmail.com",
    "is_staff": false,
    "is_active": true,
    "date_joined": "2026-06-21T19:51:39.551Z",
    "groups": [
      3
    ],
    "user_permissions": []
  }
},
{
  "model": "contenttypes.contenttype",
  "pk": 1,
  "fields": {
    "app_label": "admin",
    "model": "logentry"
  }
},
{
  "model": "contenttypes.contenttype",
  "pk": 2,
  "fields": {
    "app_label": "auth",
    "model": "group"
  }
},
{
  "model": "contenttypes.contenttype",
  "pk": 3,
  "fields": {
    "app_label": "auth",
    "model": "permission"
  }
},
{
  "model": "contenttypes.contenttype",
  "pk": 4,
  "fields": {
    "app_label": "auth",
    "model": "user"
  }
},
{
  "model": "contenttypes.contenttype",
  "pk": 5,
  "fields": {
    "app_label": "contenttypes",
    "model": "contenttype"
  }
},
{
  "model": "contenttypes.contenttype",
  "pk": 6,
  "fields": {
    "app_label": "sessions",
    "model": "session"
  }
},
{
  "model": "contenttypes.contenttype",
  "pk": 7,
  "fields": {
    "app_label": "miprimerapp",
    "model": "carritoitem"
  }
},
{
  "model": "contenttypes.contenttype",
  "pk": 8,
  "fields": {
    "app_label": "miprimerapp",
    "model": "categoria"
  }
},
{
  "model": "contenttypes.contenttype",
  "pk": 9,
  "fields": {
    "app_label": "miprimerapp",
    "model": "clinica"
  }
},
{
  "model": "contenttypes.contenttype",
  "pk": 10,
  "fields": {
    "app_label": "miprimerapp",
    "model": "consultacontacto"
  }
},
{
  "model": "contenttypes.contenttype",
  "pk": 11,
  "fields": {
    "app_label": "miprimerapp",
    "model": "detallepedido"
  }
},
{
  "model": "contenttypes.contenttype",
  "pk": 12,
  "fields": {
    "app_label": "miprimerapp",
    "model": "historialestado"
  }
},
{
  "model": "contenttypes.contenttype",
  "pk": 13,
  "fields": {
    "app_label": "miprimerapp",
    "model": "pedido"
  }
},
{
  "model": "contenttypes.contenttype",
  "pk": 14,
  "fields": {
    "app_label": "miprimerapp",
    "model": "producto"
  }
},
{
  "model": "contenttypes.contenttype",
  "pk": 15,
  "fields": {
    "app_label": "miprimerapp",
    "model": "ajusteinventario"
  }
},
{
  "model": "contenttypes.contenttype",
  "pk": 16,
  "fields": {
    "app_label": "miprimerapp",
    "model": "personalclinica"
  }
},
{
  "model": "contenttypes.contenttype",
  "pk": 17,
  "fields": {
    "app_label": "miprimerapp",
    "model": "productosugerido"
  }
},
{
  "model": "contenttypes.contenttype",
  "pk": 18,
  "fields": {
    "app_label": "miprimerapp",
    "model": "stockminimo"
  }
},
{
  "model": "contenttypes.contenttype",
  "pk": 19,
  "fields": {
    "app_label": "miprimerapp",
    "model": "ventastock"
  }
},
{
  "model": "contenttypes.contenttype",
  "pk": 20,
  "fields": {
    "app_label": "miprimerapp",
    "model": "carritoitempublico"
  }
},
{
  "model": "contenttypes.contenttype",
  "pk": 21,
  "fields": {
    "app_label": "miprimerapp",
    "model": "detallesolicitudpublico"
  }
},
{
  "model": "contenttypes.contenttype",
  "pk": 22,
  "fields": {
    "app_label": "miprimerapp",
    "model": "direcciondespacho"
  }
},
{
  "model": "contenttypes.contenttype",
  "pk": 23,
  "fields": {
    "app_label": "miprimerapp",
    "model": "perfilusuario"
  }
},
{
  "model": "contenttypes.contenttype",
  "pk": 24,
  "fields": {
    "app_label": "miprimerapp",
    "model": "solicitudpublico"
  }
},
{
  "model": "contenttypes.contenttype",
  "pk": 25,
  "fields": {
    "app_label": "miprimerapp",
    "model": "historialprecio"
  }
},
{
  "model": "contenttypes.contenttype",
  "pk": 26,
  "fields": {
    "app_label": "miprimerapp",
    "model": "notaseguimiento"
  }
},
{
  "model": "contenttypes.contenttype",
  "pk": 27,
  "fields": {
    "app_label": "miprimerapp",
    "model": "compraproveedor"
  }
},
{
  "model": "contenttypes.contenttype",
  "pk": 28,
  "fields": {
    "app_label": "miprimerapp",
    "model": "lotecompra"
  }
},
{
  "model": "contenttypes.contenttype",
  "pk": 29,
  "fields": {
    "app_label": "miprimerapp",
    "model": "detalleloteventa"
  }
},
{
  "model": "sessions.session",
  "pk": "8nzcb7owc8shfgzenytn7lppsozimptb",
  "fields": {
    "session_data": ".eJxVjEEOwiAQAP-yZ0NgoQV69O4bGpbt2qqBpLQn499Nkx70OjOZN4xp3-Zxb9M6LgwDWLj8Mkr5OZVD8COVe1W5lm1dSB2JOm1Tt8rT63q2f4M5tRkGCBLI52wSW20tGuxRnHEofWfIRuaIJMRWixfXGZIURYcO0QftsyH4fAHbuTeX:1wcEJD:s4TVJSWSC9UOdl0eTMqtIOecI-MjlWnHHleBUjq5cj8",
    "expire_date": "2026-07-08T03:29:51.480Z"
  }
},
{
  "model": "sessions.session",
  "pk": "mgo2x7otvigldjfqi27e435xwna452f4",
  "fields": {
    "session_data": ".eJxVjEEOwiAQAP-yZ0NgoQV69O4bGpbt2qqBpLQn499Nkx70OjOZN4xp3-Zxb9M6LgwDWLj8Mkr5OZVD8COVe1W5lm1dSB2JOm1Tt8rT63q2f4M5tRkGCBLI52wSW20tGuxRnHEofWfIRuaIJMRWixfXGZIURYcO0QftsyH4fAHbuTeX:1wcEFX:-_2P2md_mHR9GNtDg6NzU1HZTHi_-tD61Q0mAU_iCDY",
    "expire_date": "2026-07-08T03:26:03.721Z"
  }
},
{
  "model": "sessions.session",
  "pk": "yxqke1iwpm6fhn271i91u03snax0k7w0",
  "fields": {
    "session_data": ".eJxVjDkOwjAQAP-yNbJ8xFdKet5g7frAAWRLcVIh_o4ipYB2ZjRvCLhvNewjr2FJMIOAyy8jjM_cDpEe2O6dxd62dSF2JOy0g916yq_r2f4NKo4KM3ihPSkUvFhJxbjoqBTpHLdWScG58pPJTmGy6EnaODmjkyAVUSptpIDPF8VGNuI:1wcXir:K5BUcOtxUKK9Amj4hPcivq1Id8MWHPUubeMZjnJAloY",
    "expire_date": "2026-07-09T00:13:37.350Z"
  }
}
]
